date,code,name,action,price,shares,strength,buy_price,return,reason
2025-11-13T00:00:00.000000,sh601888,中国中免,买入,90.27,200,6.0,,,
2025-11-20T00:00:00.000000,sz000001,平安银行,买入,11.49,200,7.0,,,
2025-11-21T00:00:00.000000,sh601888,中国中免,卖出,78.8,200,6.0,90.27,-0.12706325468040322,止损(-12.7%)
2025-12-08T00:00:00.000000,sh601601,中国太保,买入,38.24,200,8.0,,,
2025-12-08T00:00:00.000000,sz000725,京东方A,买入,4.21,200,7.0,,,
2025-12-09T00:00:00.000000,sz000001,平安银行,卖出,11.07,200,7.0,11.49,-0.03655352480417754,跌破MA60
2025-12-12T00:00:00.000000,sh601318,中国平安,买入,62.16,200,8.0,,,
2025-12-12T00:00:00.000000,sh601688,华泰证券,买入,22.16,200,6.0,,,
2025-12-17T00:00:00.000000,sh600309,万华化学,买入,72.97,200,9.0,,,
2025-12-22T00:00:00.000000,sz000725,京东方A,卖出,4.04,200,7.0,4.21,-0.040380047505938224,跌破MA60
2025-12-22T00:00:00.000000,sh601888,中国中免,买入,91.09,200,9.0,,,
2025-12-30T00:00:00.000000,sh601601,中国太保,卖出,41.91,200,8.0,38.24,0.09597280334728019,持有20天
2025-12-30T00:00:00.000000,sz002493,荣盛石化,买入,11.884,200,8.5,,,
2026-01-06T00:00:00.000000,sh601318,中国平安,卖出,72.57,200,8.0,62.16,0.16747104247104241,持有20天
2026-01-06T00:00:00.000000,sh601688,华泰证券,卖出,25.56,200,6.0,22.16,0.15342960288808657,持有20天
2026-01-06T00:00:00.000000,sh600030,中信证券,买入,29.49,200,9.5,,,
2026-01-06T00:00:00.000000,sz000725,京东方A,买入,4.5,200,9.5,,,
2026-01-07T00:00:00.000000,sh600309,万华化学,卖出,80.68,200,9.0,72.97,0.10565986021652746,持有20天
2026-01-07T00:00:00.000000,sz002230,科大讯飞,买入,53.02,200,6.0,,,
2026-01-08T00:00:00.000000,sh600030,中信证券,卖出,27.84,200,9.5,29.49,-0.05595116988809762,跌破MA60
2026-01-08T00:00:00.000000,sz002271,东方雨虹,买入,14.59,200,8.0,,,
2026-01-13T00:00:00.000000,sh601888,中国中免,卖出,91.91,200,9.0,91.09,0.009002085849160096,持有20天
2026-01-13T00:00:00.000000,sz002027,分众传媒,买入,8.02,200,7.5,,,
2026-01-16T00:00:00.000000,sz002027,分众传媒,卖出,7.43,200,7.5,8.02,-0.07356608478802991,跌破MA60
2026-01-20T00:00:00.000000,sz002493,荣盛石化,卖出,12.544,200,8.5,11.884,0.0555368562773477,持有20天
2026-01-20T00:00:00.000000,sz002493,荣盛石化,买入,12.544,200,8.5,,,
2026-01-20T00:00:00.000000,sh600309,万华化学,买入,84.77,200,8.5,,,
2026-01-27T00:00:00.000000,sz000725,京东方A,卖出,4.56,200,9.5,4.5,0.013333333333333246,持有20天
2026-01-27T00:00:00.000000,sh601899,紫金矿业,买入,40.61,200,8.5,,,
2026-01-28T00:00:00.000000,sz002230,科大讯飞,卖出,57.32,200,6.0,53.02,0.08110147114296486,持有20天
2026-01-28T00:00:00.000000,sh600585,海螺水泥,买入,24.4,200,8.5,,,
2026-01-29T00:00:00.000000,sz002271,东方雨虹,卖出,17.95,200,8.0,14.59,0.23029472241261134,持有20天
2026-01-29T00:00:00.000000,sh600048,保利发展,买入,7.11,200,7.0,,,
2026-02-10T00:00:00.000000,sz002493,荣盛石化,卖出,14.734,200,8.5,12.544,0.17458545918367344,持有20天
2026-02-10T00:00:00.000000,sh600309,万华化学,卖出,84.75,200,8.5,84.77,-0.00023593252329828974,持有20天
2026-02-25T00:00:00.000000,sh601899,紫金矿业,卖出,39.63,200,8.5,40.61,-0.024131987195272025,持有20天
2026-02-25T00:00:00.000000,sh600585,海螺水泥,卖出,26.38,200,8.5,24.4,0.08114754098360658,持有20天
2026-02-25T00:00:00.000000,sh600048,保利发展,卖出,6.96,200,7.0,7.11,-0.021097046413502157,持有20天
2026-03-02T00:00:00.000000,sh601088,中国神华,买入,44.73,200,9.5,,,
2026-03-02T00:00:00.000000,sh601919,中远海控,买入,15.44,200,9.0,,,
2026-03-04T00:00:00.000000,sz002594,比亚迪,买入,95.99,200,6.5,,,
2026-03-06T00:00:00.000000,sz002594,比亚迪,卖出,93.62,200,6.5,95.99,-0.02469007188248766,跌破MA60
2026-03-06T00:00:00.000000,sz002714,牧原股份,买入,48.918,200,7.5,,,
2026-03-09T00:00:00.000000,sz002594,比亚迪,买入,97.52,200,8.0,,,
2026-03-09T00:00:00.000000,sh600900,长江电力,买入,27.2,200,6.5,,,
2026-03-23T00:00:00.000000,sz002714,牧原股份,卖出,44.778,200,7.5,48.918,-0.08463142401569976,跌破MA60
2026-03-24T00:00:00.000000,sh601088,中国神华,卖出,48.48,200,9.5,44.73,0.08383635144198526,持有20天
2026-03-24T00:00:00.000000,sh601919,中远海控,卖出,15.5,200,9.0,15.44,0.003886010362694333,持有20天
2026-03-31T00:00:00.000000,sz002594,比亚迪,卖出,105.25,200,8.0,97.52,0.07926579163248569,持有20天
2026-03-31T00:00:00.000000,sh600900,长江电力,卖出,27.04,200,6.5,27.2,-0.005882352941176476,持有20天
2026-04-16T00:00:00.000000,sz300750,宁德时代,买入,447.074,200,8.0,,,
2026-04-29T00:00:00.000000,sz000001,平安银行,买入,11.16,200,7.0,,,
2026-04-30T00:00:00.000000,sh600900,长江电力,买入,27.32,200,8.5,,,
2026-05-06T00:00:00.000000,sh600048,保利发展,买入,6.4,200,7.5,,,
2026-05-07T00:00:00.000000,sz300750,宁德时代,卖出,451.64,200,8.0,447.074,0.010213074345633998,持有20天
2026-05-11T00:00:00.000000,sz000333,美的集团,买入,80.67,200,6.0,,,
2026-05-15T00:00:00.000000,sz000001,平安银行,卖出,10.63,200,7.0,11.16,-0.04749103942652324,跌破MA60
2026-05-15T00:00:00.000000,sh600048,保利发展,卖出,6.21,200,7.5,6.4,-0.02968750000000006,跌破MA60
2026-05-21T00:00:00.000000,sh600900,长江电力,卖出,26.66,200,8.5,27.32,-0.02415812591508053,跌破MA60
2026-06-01T00:00:00.000000,sh601088,中国神华,买入,49.0,200,7.5,,,
2026-06-02T00:00:00.000000,sz000333,美的集团,卖出,82.6,200,6.0,80.67,0.023924631213586123,持有20天
2026-06-05T00:00:00.000000,sh601919,中远海控,买入,15.0,200,7.5,,,
2026-06-09T00:00:00.000000,sh601919,中远海控,卖出,14.81,200,7.5,15.0,-0.012666666666666633,跌破MA60
2026-06-11T00:00:00.000000,sz000333,美的集团,买入,85.35,200,8.5,,,
2026-06-12T00:00:00.000000,sh601088,中国神华,卖出,46.14,200,7.5,49.0,-0.058367346938775495,跌破MA60
