code,name,price,prev_close,open,volume,high,low,amount,pct_change,turnover
600000,浦发银行,9.55,9.59,9.59,724997.0,9.58,1255.0,-0.04,-0.42,9.61
600004,白云机场,8.02,8.11,8.09,97685.0,8.05,549.0,-0.09,-1.11,8.11
600006,东风股份,5.64,5.77,5.75,134657.0,5.67,2048.0,-0.13,-2.25,5.77
600007,中国国贸,21.25,22.76,22.76,47875.0,21.32,20.0,-1.51,-6.63,22.78
600008,首创环保,3.12,3.13,3.12,728917.0,3.14,10143.0,-0.01,-0.32,3.15
600009,上海机场,23.46,23.82,23.67,83910.0,23.48,62.0,-0.36,-1.51,23.8
600010,包钢股份,2.31,2.32,2.3,4634487.0,2.34,112218.0,-0.01,-0.43,2.33
600011,华能国际,8.17,8.16,8.11,1705547.0,8.2,6283.0,0.01,0.12,8.32
600012,皖通高速,16.78,17.16,16.99,94791.0,16.82,10.0,-0.38,-2.21,17.39
600015,华夏银行,6.91,6.94,6.93,535511.0,6.94,5452.0,-0.03,-0.43,6.95
600016,民生银行,3.57,3.6,3.59,2040359.0,3.6,68135.0,-0.03,-0.83,3.6
600017,日照港,2.65,2.69,2.68,226669.0,2.68,8458.0,-0.04,-1.49,2.7
600018,上港集团,4.97,5.0,4.99,323451.0,5.0,7088.0,-0.03,-0.6,5.02
600019,宝钢股份,5.85,5.74,5.75,1516495.0,5.87,13134.0,0.11,1.92,5.86
600020,中原高速,3.92,4.0,3.99,111846.0,3.95,1557.0,-0.08,-2.0,4.0
600021,上海电力,17.14,17.27,17.01,463186.0,17.17,337.0,-0.13,-0.75,17.4
600022,山东钢铁,1.28,1.28,1.28,601652.0,1.3,93415.0,0.0,0.0,1.29
600023,浙能电力,6.3,5.97,5.92,990676.0,6.32,7774.0,0.33,5.53,6.35
600025,华能水电,9.7,9.58,9.56,237220.0,9.73,684.0,0.12,1.25,9.74
600026,中远海能,16.65,16.58,16.75,552432.0,16.68,10.0,0.07,0.42,16.85
600027,华电国际,5.07,5.07,5.04,1042235.0,5.09,7399.0,0.0,0.0,5.13
600028,中国石化,4.79,4.78,4.78,2065872.0,4.82,51240.0,0.01,0.21,4.82
600029,南方航空,5.02,5.11,5.01,681369.0,5.04,4172.0,-0.09,-1.76,5.04
600030,中信证券,25.51,25.66,25.6,1455812.0,25.53,1742.0,-0.15,-0.58,26.05
600031,三一重工,18.22,18.85,18.61,934074.0,18.24,1832.0,-0.63,-3.34,18.69
600032,XD浙江新,8.56,8.88,8.7,339305.0,8.59,1287.0,-0.32,-3.6,8.79
600033,福建高速,3.49,3.5,3.49,182727.0,3.51,5313.0,-0.01,-0.29,3.5
600035,楚天高速,3.78,3.81,3.8,57691.0,3.8,5593.0,-0.03,-0.79,3.8
600036,招商银行,38.73,38.9,38.93,594454.0,38.75,126.0,-0.17,-0.44,39.09
600037,歌华有线,6.51,6.7,6.67,158987.0,6.54,746.0,-0.19,-2.84,6.7
600038,中直股份,27.25,27.7,27.53,74359.0,27.27,39.0,-0.45,-1.62,27.66
600039,四川路桥,8.34,8.31,8.3,150507.0,8.36,1048.0,0.03,0.36,8.4
600048,保利发展,5.15,5.19,5.17,847954.0,5.17,5821.0,-0.04,-0.77,5.21
600050,中国联通,4.36,4.38,4.35,1455026.0,4.38,20522.0,-0.02,-0.46,4.37
600051,宁波联合,6.28,6.38,6.37,42630.0,6.3,450.0,-0.1,-1.57,6.38
600052,东望时代,3.69,3.76,3.71,202405.0,3.73,548.0,-0.07,-1.86,3.81
600054,黄山旅游,10.76,11.24,11.15,122243.0,10.79,211.0,-0.48,-4.27,11.16
600055,万东医疗,11.36,11.66,11.67,48323.0,11.38,143.0,-0.3,-2.57,11.67
600056,中国医药,8.94,9.14,9.13,127855.0,8.96,426.0,-0.2,-2.19,9.15
600057,厦门象屿,5.98,5.97,5.95,191390.0,6.0,1140.0,0.01,0.17,6.01
600058,五矿发展,9.81,10.34,10.9,434352.0,9.84,89.0,-0.53,-5.13,10.95
600059,古越龙山,7.8,7.93,7.92,80493.0,7.82,576.0,-0.13,-1.64,7.92
600060,海信视像,27.98,25.82,25.84,387620.0,28.0,738.0,2.16,8.37,28.38
600061,国投资本,6.19,6.31,6.28,331768.0,6.22,2499.0,-0.12,-1.9,6.35
600062,华润双鹤,17.05,17.08,17.01,51998.0,17.08,26.0,-0.03,-0.18,17.09
600063,皖维高新,7.75,8.41,8.21,2213134.0,7.78,1630.0,-0.66,-7.85,8.37
600064,南京高科,7.27,7.28,7.27,122016.0,7.29,835.0,-0.01,-0.14,7.33
600066,宇通客车,29.5,30.05,29.8,126027.0,29.53,15.0,-0.55,-1.83,30.1
600067,冠城新材,3.16,2.87,2.89,396369.0,0.0,0.0,0.29,10.1,3.16
600071,凤凰光学,16.46,16.69,16.44,36159.0,16.49,35.0,-0.23,-1.38,16.79
600072,中船科技,9.58,10.04,9.86,323086.0,9.61,541.0,-0.46,-4.58,10.04
600073,光明肉业,4.96,4.98,4.97,54995.0,4.99,1639.0,-0.02,-0.4,5.0
600075,新疆天业,4.67,4.73,4.8,209608.0,4.7,480.0,-0.06,-1.27,4.8
600076,康欣新材,3.46,3.52,3.48,287054.0,3.48,2600.0,-0.06,-1.7,3.54
600078,澄星股份,12.56,12.53,13.3,834990.0,12.59,28.0,0.03,0.24,13.78
600081,东风科技,10.03,10.25,10.17,28177.0,10.06,210.0,-0.22,-2.15,10.24
600085,同仁堂,24.3,24.57,24.54,62466.0,24.32,7.0,-0.27,-1.1,24.68
600088,中视传媒,14.16,15.26,14.97,211693.0,14.2,310.0,-1.1,-7.21,15.16
600089,特变电工,22.75,22.66,22.31,1010533.0,22.77,1037.0,0.09,0.4,22.94
600094,大名城,3.86,3.93,3.91,143634.0,3.88,3964.0,-0.07,-1.78,3.95
600095,湘财股份,7.49,7.65,7.59,169536.0,7.51,666.0,-0.16,-2.09,7.68
600096,云天化,29.99,28.7,29.24,548487.0,30.02,163.0,1.29,4.49,30.28
600097,开创国际,8.53,8.57,8.52,17425.0,8.57,30.0,-0.04,-0.47,8.61
600098,广州发展,6.96,7.03,7.01,438658.0,6.98,1285.0,-0.07,-1.0,7.04
600099,林海股份,9.07,9.15,9.04,27766.0,9.09,158.0,-0.08,-0.87,9.15
600100,同方股份,6.9,7.17,7.16,391119.0,6.92,2047.0,-0.27,-3.77,7.18
600101,明星电力,9.09,9.18,9.05,171430.0,9.12,677.0,-0.09,-0.98,9.29
600103,青山纸业,3.51,3.53,3.48,1406869.0,3.54,2336.0,-0.02,-0.57,3.62
600104,上汽集团,10.87,11.09,11.03,954455.0,10.9,2753.0,-0.22,-1.98,11.08
600105,永鼎股份,52.33,52.3,51.49,1246010.0,52.36,30.0,0.03,0.06,55.26
600106,重庆路桥,4.98,4.93,4.9,146378.0,5.01,2037.0,0.05,1.01,5.05
600108,亚盛集团,3.62,3.29,3.28,771684.0,0.0,0.0,0.33,10.03,3.62
600109,国金证券,7.96,7.98,7.95,315668.0,7.99,1291.0,-0.02,-0.25,8.14
600110,诺德股份,12.22,12.2,12.21,1732584.0,12.25,1712.0,0.02,0.16,12.45
600111,XD北方稀,47.52,46.98,46.68,706563.0,47.54,42.0,0.54,1.15,47.94
600113,浙江东日,34.2,34.45,34.46,44778.0,34.23,1.0,-0.25,-0.73,34.86
600114,东睦股份,39.72,40.21,39.59,325705.0,39.74,20.0,-0.49,-1.22,40.75
600115,中国东航,3.7,3.83,3.75,1938831.0,3.73,9990.0,-0.13,-3.39,3.75
600116,三峡水利,6.19,6.35,6.33,298985.0,6.22,654.0,-0.16,-2.52,6.33
600117,西宁特钢,2.22,2.23,2.22,89876.0,2.24,2488.0,-0.01,-0.45,2.23
600118,中国卫星,78.03,77.62,76.5,388127.0,78.06,34.0,0.41,0.53,79.21
600120,浙江东方,4.38,4.52,4.5,346238.0,4.4,4444.0,-0.14,-3.1,4.55
600121,郑州煤电,4.46,4.57,4.57,1184045.0,4.49,908.0,-0.11,-2.41,4.82
600123,兰花科创,6.71,6.58,6.63,401628.0,6.74,225.0,0.13,1.98,6.82
600125,铁龙物流,5.49,5.59,5.6,101256.0,5.52,504.0,-0.1,-1.79,5.6
600126,杭钢股份,6.64,7.01,7.01,577009.0,6.67,373.0,-0.37,-5.28,7.02
600127,金健米业,5.79,5.73,5.71,109405.0,5.82,1740.0,0.06,1.05,5.82
600128,苏豪弘业,8.64,8.75,8.65,40538.0,8.67,144.0,-0.11,-1.26,8.71
600129,太极集团,13.02,13.32,13.29,69021.0,13.04,112.0,-0.3,-2.25,13.36
600130,波导股份,4.51,4.66,4.62,276911.0,4.54,2170.0,-0.15,-3.22,4.64
600131,国网信通,14.6,14.78,14.79,96780.0,14.62,170.0,-0.18,-1.22,14.86
600132,重庆啤酒,49.21,50.79,50.29,48371.0,49.28,121.0,-1.58,-3.11,50.29
600133,东湖高新,7.78,7.99,7.99,171438.0,7.81,417.0,-0.21,-2.63,8.04
600135,乐凯胶片,8.95,8.8,8.72,210281.0,8.97,140.0,0.15,1.7,9.55
600137,浪莎股份,18.46,18.83,18.65,18867.0,18.49,24.0,-0.37,-1.96,18.77
600138,中青旅,7.27,7.46,7.42,104778.0,7.29,247.0,-0.19,-2.55,7.43
600141,兴发集团,32.73,29.75,32.73,106370.0,0.0,0.0,2.98,10.02,32.73
600143,金发科技,15.43,15.86,15.69,428622.0,15.45,1680.0,-0.43,-2.71,15.82
600148,长春一东,16.38,16.57,16.35,17299.0,16.48,14.0,-0.19,-1.15,16.51
600149,廊坊发展,5.04,5.11,5.08,92604.0,5.07,552.0,-0.07,-1.37,5.11
600150,中国船舶,34.45,35.06,34.75,614629.0,34.47,181.0,-0.61,-1.74,34.93
600151,航天机电,11.22,11.38,11.3,287482.0,11.24,892.0,-0.16,-1.41,11.38
600152,维科技术,10.33,10.56,10.51,277564.0,10.36,15.0,-0.23,-2.18,10.66
600153,建发股份,9.37,9.38,9.37,105548.0,9.4,515.0,-0.01,-0.11,9.44
600155,华创云信,5.2,5.35,5.33,236397.0,5.22,873.0,-0.15,-2.8,5.38
600156,华升股份,9.08,9.2,9.04,123896.0,9.11,325.0,-0.12,-1.3,9.18
600157,永泰能源,1.66,1.65,1.64,4819808.0,1.68,189798.0,0.01,0.61,1.67
600158,中体产业,8.55,9.5,9.19,1152036.0,8.58,1889.0,-0.95,-10.0,9.27
600159,大龙地产,2.61,2.63,2.61,194651.0,2.63,2413.0,-0.02,-0.76,2.64
600160,XD巨化股,41.0,40.01,40.65,1330375.0,41.03,100.0,0.99,2.47,42.56
600161,天坛生物,12.36,12.83,12.72,161806.0,12.4,19.0,-0.47,-3.66,12.82
600162,香江控股,3.15,3.29,3.21,4391938.0,3.17,3066.0,-0.14,-4.26,3.45
600163,中闽能源,5.68,5.61,5.53,352769.0,5.71,2493.0,0.07,1.25,5.74
600166,福田汽车,3.01,2.99,2.95,1524201.0,3.04,9965.0,0.02,0.67,3.06
600167,联美控股,5.78,5.87,5.82,76589.0,5.81,284.0,-0.09,-1.53,5.94
600168,武汉控股,4.39,4.4,4.38,37507.0,4.42,335.0,-0.01,-0.23,4.42
600170,上海建工,2.37,2.42,2.4,1198058.0,2.4,42665.0,-0.05,-2.07,2.42
600171,上海贝岭,26.23,26.44,26.18,109090.0,26.26,78.0,-0.21,-0.79,26.57
600172,黄河旋风,11.82,12.12,12.0,1411017.0,11.85,1769.0,-0.3,-2.48,12.5
600173,卧龙新能,6.49,6.71,6.71,110822.0,6.52,220.0,-0.22,-3.28,6.72
600176,中国巨石,41.07,39.37,39.11,1907052.0,41.09,307.0,1.7,4.32,41.7
600177,雅戈尔,7.44,7.55,7.51,182485.0,7.47,322.0,-0.11,-1.46,7.58
600178,东安动力,10.57,9.61,9.73,203202.0,0.0,0.0,0.96,9.99,10.57
600179,安通控股,4.35,4.39,4.4,332107.0,4.38,1164.0,-0.04,-0.91,4.44
600182,S佳通,13.43,13.56,13.46,10556.0,13.45,43.0,-0.13,-0.96,13.56
600183,生益科技,149.73,146.9,146.95,840041.0,149.75,34.0,2.83,1.93,153.5
600184,光电股份,25.72,25.21,24.8,319732.0,25.75,173.0,0.51,2.02,26.51
600185,珠免集团,4.91,5.0,4.96,137198.0,4.93,583.0,-0.09,-1.8,5.01
600186,莲花控股,12.63,11.62,11.3,3622486.0,12.66,187.0,1.01,8.69,12.76
600188,兖矿能源,23.1,23.49,23.62,487930.0,23.12,103.0,-0.39,-1.66,24.05
600189,泉阳泉,7.74,7.89,7.89,84249.0,7.76,51.0,-0.15,-1.9,7.93
600191,华资实业,10.68,11.1,10.98,41489.0,10.71,17.0,-0.42,-3.78,10.98
600192,长城电工,6.72,6.8,6.78,47390.0,6.75,181.0,-0.08,-1.18,6.85
600195,中牧股份,6.62,6.76,6.71,66823.0,6.65,277.0,-0.14,-2.07,6.77
600196,复星医药,21.78,22.11,22.0,158037.0,21.8,121.0,-0.33,-1.49,22.15
600197,伊力特,10.44,10.71,10.63,67863.0,10.47,228.0,-0.27,-2.52,10.7
600198,大唐电信,9.41,9.3,9.16,782339.0,9.43,871.0,0.11,1.18,9.61
600199,金种子酒,6.67,6.88,6.9,124095.0,6.7,1356.0,-0.21,-3.05,6.9
600201,生物股份,11.93,12.06,12.0,161894.0,11.96,132.0,-0.13,-1.08,12.1
600202,哈空调,5.02,5.07,5.06,64184.0,5.04,287.0,-0.05,-0.99,5.09
600203,福日电子,11.45,11.58,11.39,238011.0,11.47,192.0,-0.13,-1.12,11.8
600206,有研新材,34.24,32.24,32.43,1782000.0,34.27,54.0,2.0,6.2,35.1
600207,安彩高科,6.42,6.65,6.5,431127.0,6.44,1028.0,-0.23,-3.46,6.7
600208,衢州发展,2.76,2.78,2.75,798013.0,2.79,10098.0,-0.02,-0.72,2.8
600210,紫江企业,6.36,6.44,6.43,123152.0,6.39,1884.0,-0.08,-1.24,6.45
600211,西藏药业,35.31,36.04,35.8,29491.0,35.35,20.0,-0.73,-2.03,35.99
600212,绿能慧充,5.8,5.95,5.87,94314.0,5.82,335.0,-0.15,-2.52,5.94
600215,派斯林,6.25,6.35,6.3,193417.0,6.28,168.0,-0.1,-1.57,6.39
600216,浙江医药,11.74,11.9,11.9,113820.0,11.76,132.0,-0.16,-1.34,12.05
600217,中再资环,3.16,3.2,3.18,101586.0,3.19,1528.0,-0.04,-1.25,3.23
600218,全柴动力,7.92,8.0,7.96,45935.0,7.95,145.0,-0.08,-1.0,8.04
600219,南山铝业,4.58,4.56,4.51,1401631.0,4.61,12727.0,0.02,0.44,4.61
600221,海航控股,1.48,1.46,1.44,4660377.0,1.5,235387.0,0.02,1.37,1.49
600222,太龙药业,7.61,7.78,7.66,229283.0,7.63,117.0,-0.17,-2.19,7.73
600223,福瑞达,5.54,5.6,5.6,57327.0,5.56,125.0,-0.06,-1.07,5.63
600226,亨通股份,7.5,7.79,7.62,3322873.0,7.53,473.0,-0.29,-3.72,8.16
600227,赤天化,3.0,2.82,2.9,1705541.0,3.02,4079.0,0.18,6.38,3.06
600228,返利科技,7.45,6.84,6.55,641483.0,7.48,333.0,0.61,8.92,7.52
600229,城市传媒,5.63,6.13,6.26,440511.0,5.67,1.0,-0.5,-8.16,6.5
600230,沧州大化,14.21,14.23,14.24,86998.0,14.24,41.0,-0.02,-0.14,14.63
600231,凌钢股份,1.83,1.86,1.85,107277.0,1.86,7682.0,-0.03,-1.61,1.86
600232,金鹰股份,6.88,6.92,6.92,50636.0,6.9,218.0,-0.04,-0.58,6.92
600233,圆通速递,16.95,17.06,16.95,128010.0,17.0,161.0,-0.11,-0.64,17.06
600234,科新发展,25.54,25.46,25.6,36657.0,25.58,10.0,0.08,0.31,26.2
600235,民丰特纸,5.57,5.64,5.62,48609.0,5.6,289.0,-0.07,-1.24,5.64
600236,桂冠电力,9.79,9.84,9.76,158353.0,9.81,170.0,-0.05,-0.51,9.94
600237,铜峰电子,10.28,10.7,10.33,602970.0,10.3,1503.0,-0.42,-3.93,10.65
600241,时代万恒,7.24,7.32,7.3,47303.0,7.26,468.0,-0.08,-1.09,7.37
600246,万通发展,17.14,16.63,16.44,1447181.0,17.16,803.0,0.51,3.07,18.06
600248,陕建股份,2.96,3.03,3.01,153578.0,2.99,1275.0,-0.07,-2.31,3.03
600249,两面针,5.02,5.08,5.04,65089.0,5.04,605.0,-0.06,-1.18,5.08
600250,南京商旅,8.7,8.94,8.89,79950.0,8.73,222.0,-0.24,-2.68,8.95
600251,冠农股份,9.71,9.57,9.4,86488.0,9.74,283.0,0.14,1.46,9.8
600252,中恒集团,2.11,2.18,2.17,353987.0,2.14,6329.0,-0.07,-3.21,2.18
600255,鑫科材料,4.27,4.01,3.9,4583393.0,4.29,7252.0,0.26,6.48,4.41
600256,广汇能源,6.33,6.02,6.08,2234097.0,6.36,5581.0,0.31,5.15,6.37
600257,大湖股份,5.05,5.07,5.04,75013.0,5.07,406.0,-0.02,-0.39,5.09
600258,首旅酒店,12.49,12.71,12.7,92481.0,12.53,52.0,-0.22,-1.73,12.73
600259,中稀有色,92.09,89.95,89.0,152446.0,92.12,1.0,2.14,2.38,93.8
600261,阳光照明,3.12,3.2,3.16,115498.0,3.14,1226.0,-0.08,-2.5,3.18
600262,北方股份,20.72,21.02,20.97,24761.0,20.76,5.0,-0.3,-1.43,21.0
600266,城建发展,4.37,4.37,4.34,307336.0,4.4,2736.0,0.0,0.0,4.41
600267,海正药业,9.6,9.66,9.58,99722.0,9.62,209.0,-0.06,-0.62,9.77
600268,国电南自,11.91,11.96,11.93,118922.0,11.93,434.0,-0.05,-0.42,12.02
600269,赣粤高速,4.13,4.22,4.21,160553.0,4.16,222.0,-0.09,-2.13,4.24
600271,航天信息,6.87,7.06,7.02,147520.0,6.9,552.0,-0.19,-2.69,7.06
600272,开开实业,11.01,11.03,10.92,29272.0,11.03,834.0,-0.02,-0.18,11.03
600273,嘉化能源,6.94,6.97,7.0,224946.0,6.96,266.0,-0.03,-0.43,7.03
600276,恒瑞医药,46.98,47.01,46.7,473374.0,47.01,241.0,-0.03,-0.06,47.2
600278,东方创业,6.12,6.22,6.16,32254.0,6.14,402.0,-0.1,-1.61,6.24
600279,重庆港,4.4,4.51,4.4,441038.0,4.42,603.0,-0.11,-2.44,4.53
600280,中央商场,2.89,3.08,3.06,1058722.0,2.92,2186.0,-0.19,-6.17,3.19
600281,华阳新材,4.85,4.7,4.67,133171.0,4.87,423.0,0.15,3.19,4.86
600282,南钢股份,4.7,4.79,4.76,314009.0,4.72,1242.0,-0.09,-1.88,4.87
600283,钱江水利,8.17,8.21,8.21,14473.0,8.19,116.0,-0.04,-0.49,8.22
600284,浦东建设,5.2,5.32,5.25,160088.0,5.23,236.0,-0.12,-2.26,5.31
600285,XD羚锐制,20.65,20.9,20.9,89035.0,20.69,10.0,-0.25,-1.2,21.0
600287,苏豪时尚,4.82,4.9,4.84,34967.0,4.86,107.0,-0.08,-1.63,4.91
600288,大恒科技,12.15,12.45,12.3,74645.0,12.18,326.0,-0.3,-2.41,12.36
600292,电投水电,13.19,13.02,13.14,127289.0,13.22,25.0,0.17,1.31,13.53
600293,三峡新材,3.63,3.82,3.79,1318922.0,3.66,3674.0,-0.19,-4.97,3.88
600295,鄂尔多斯,13.6,13.06,13.17,129358.0,13.64,46.0,0.54,4.13,13.66
600298,安琪酵母,35.87,35.45,35.38,61399.0,35.91,183.0,0.42,1.18,36.0
600299,安迪苏,10.04,10.12,10.27,123857.0,10.07,2.0,-0.08,-0.79,10.27
600300,维维股份,2.99,3.04,3.03,205428.0,3.02,4464.0,-0.05,-1.64,3.04
600301,华锡有色,58.54,55.05,54.59,254783.0,58.57,3.0,3.49,6.34,59.2
600303,曙光股份,3.04,3.17,3.21,456492.0,3.07,1352.0,-0.13,-4.1,3.21
600305,恒顺醋业,6.75,6.88,6.9,66100.0,6.77,368.0,-0.13,-1.89,6.9
600307,酒钢宏兴,1.54,1.52,1.52,589617.0,1.56,17467.0,0.02,1.32,1.54
600308,华泰股份,3.27,3.33,3.33,78372.0,3.29,564.0,-0.06,-1.8,3.36
600309,万华化学,67.15,67.9,68.53,332944.0,67.17,54.0,-0.75,-1.1,68.9
600310,广西能源,4.76,4.75,4.65,805742.0,4.78,2419.0,0.01,0.21,4.85
600312,平高电气,18.15,18.23,18.2,160053.0,18.18,65.0,-0.08,-0.44,18.34
600313,农发种业,5.8,5.74,5.72,194727.0,5.82,1497.0,0.06,1.05,5.85
600315,上海家化,17.69,17.88,17.9,27763.0,17.73,12.0,-0.19,-1.06,17.95
600316,洪都航空,26.7,26.74,26.76,64622.0,26.73,13.0,-0.04,-0.15,26.94
600318,新力金融,6.23,6.39,6.31,101316.0,6.26,677.0,-0.16,-2.5,6.4
600319,亚星化学,7.02,7.04,6.97,29364.0,7.04,331.0,-0.02,-0.28,7.07
600320,振华重工,4.32,4.39,4.37,393385.0,4.34,1672.0,-0.07,-1.59,4.4
600322,津投城开,2.86,2.6,2.57,690813.0,0.0,0.0,0.26,10.0,2.86
600323,瀚蓝环境,30.18,30.26,30.27,46800.0,30.26,137.0,-0.08,-0.26,30.7
600325,华发股份,2.59,2.62,2.61,396202.0,2.62,3772.0,-0.03,-1.15,2.65
600326,西藏天路,7.08,7.21,7.17,164307.0,7.11,1792.0,-0.13,-1.8,7.18
600327,大东方,3.42,3.53,3.49,109640.0,3.45,416.0,-0.11,-3.12,3.53
600328,中盐化工,6.56,6.57,6.58,145510.0,6.58,890.0,-0.01,-0.15,6.66
600329,达仁堂,37.51,38.22,37.77,24014.0,37.54,102.0,-0.71,-1.86,38.38
600330,天通股份,29.31,29.08,28.75,1422375.0,29.33,123.0,0.23,0.79,30.73
600331,宏达股份,12.66,12.41,12.41,427352.0,12.68,80.0,0.25,2.01,12.76
600332,白云山,21.39,21.5,21.39,60975.0,21.42,300.0,-0.11,-0.51,21.59
600333,长春燃气,5.44,5.45,5.46,125311.0,5.47,361.0,-0.01,-0.18,5.64
600335,国机汽车,5.19,5.27,5.25,88212.0,5.21,1021.0,-0.08,-1.52,5.27
600336,澳柯玛,6.98,7.14,7.07,109440.0,7.02,78.0,-0.16,-2.24,7.18
600338,西藏珠峰,17.2,16.63,16.63,1077453.0,17.22,26.0,0.57,3.43,17.8
600339,中油工程,3.26,3.23,3.28,570495.0,3.28,4385.0,0.03,0.93,3.31
600343,航天动力,23.6,24.37,24.0,288418.0,23.63,492.0,-0.77,-3.16,24.18
600345,长江通信,57.01,57.64,57.0,174941.0,57.04,43.0,-0.63,-1.09,58.88
600346,恒力石化,16.29,16.38,16.58,314545.0,16.31,588.0,-0.09,-0.55,16.65
600348,华阳股份,9.01,8.93,8.99,336278.0,9.04,386.0,0.08,0.9,9.07
600350,山东高速,11.04,11.8,11.69,138273.0,11.06,8.0,-0.76,-6.44,11.71
600351,亚宝药业,6.2,6.18,6.14,86589.0,6.23,1031.0,0.02,0.32,6.23
600352,浙江龙盛,10.73,10.79,11.01,787202.0,10.76,136.0,-0.06,-0.56,11.18
600353,旭光电子,29.94,27.22,26.94,1041328.0,0.0,0.0,2.72,9.99,29.94
600354,敦煌种业,5.3,5.24,5.2,146166.0,5.33,1333.0,0.06,1.15,5.33
600356,恒丰纸业,8.47,8.57,8.55,39286.0,8.51,10.0,-0.1,-1.17,8.58
600358,国旅联合,5.72,5.83,5.75,52439.0,5.75,292.0,-0.11,-1.89,5.8
600359,新农开发,6.24,6.19,6.2,60930.0,6.27,263.0,0.05,0.81,6.26
600360,华微电子,11.19,11.75,11.4,553469.0,11.21,1982.0,-0.56,-4.77,11.7
600361,创新新材,3.99,3.91,3.85,691053.0,4.01,1810.0,0.08,2.05,4.0
600362,江西铜业,40.14,40.49,40.0,409497.0,40.17,123.0,-0.35,-0.86,41.17
600363,联创光电,32.74,32.86,32.86,208525.0,32.76,78.0,-0.12,-0.37,33.94
600366,宁波韵升,13.0,13.7,13.6,641338.0,13.03,137.0,-0.7,-5.11,13.6
600367,红星发展,54.03,58.88,59.0,746868.0,54.05,132.0,-4.85,-8.24,59.01
600368,五洲交通,3.74,3.82,3.8,128343.0,3.77,563.0,-0.08,-2.09,3.81
600369,西南证券,3.83,3.91,3.89,344310.0,3.85,4301.0,-0.08,-2.05,3.93
600371,万向德农,7.05,7.1,7.08,28705.0,7.1,1103.0,-0.05,-0.7,7.13
600372,中航机载,10.73,10.73,10.66,292196.0,10.76,569.0,0.0,0.0,10.76
600373,中文传媒,7.84,7.93,7.87,124893.0,7.86,145.0,-0.09,-1.13,8.08
600375,汉马科技,3.86,3.96,3.93,179360.0,3.88,2053.0,-0.1,-2.53,3.96
600376,首开股份,3.36,3.42,3.38,549244.0,3.39,3821.0,-0.06,-1.75,3.42
600377,宁沪高速,12.37,12.75,12.71,172094.0,12.39,163.0,-0.38,-2.98,12.71
600378,昊华科技,63.89,58.08,63.89,798379.0,0.0,0.0,5.81,10.0,63.89
600379,宝光股份,12.04,12.0,11.91,113026.0,12.06,215.0,0.04,0.33,12.05
600380,健康元,9.82,9.84,9.82,104410.0,9.85,427.0,-0.02,-0.2,9.88
600382,广东明珠,8.22,8.29,8.18,213086.0,8.25,457.0,-0.07,-0.84,8.29
600383,金地集团,2.48,2.5,2.48,347828.0,2.51,10851.0,-0.02,-0.8,2.52
600386,北巴传媒,3.45,3.52,3.51,97123.0,3.47,575.0,-0.07,-1.99,3.53
600388,龙净环保,16.63,16.82,16.88,103919.0,16.66,255.0,-0.19,-1.13,16.95
600389,江山股份,22.17,23.07,23.52,79457.0,22.19,70.0,-0.9,-3.9,23.52
600390,五矿资本,4.51,4.61,4.58,294562.0,4.54,1372.0,-0.1,-2.17,4.63
600391,航发科技,31.83,30.7,30.51,145989.0,31.85,73.0,1.13,3.68,32.33
600392,盛和资源,25.27,23.83,24.3,1478739.0,25.3,5478.0,1.44,6.04,25.5
600395,盘江股份,5.53,5.59,5.59,296070.0,5.55,1790.0,-0.06,-1.07,5.75
600396,华电辽能,17.73,19.11,18.8,2549869.0,17.76,268.0,-1.38,-7.22,19.36
600397,江钨装备,14.26,13.82,13.9,696239.0,14.28,728.0,0.44,3.18,14.59
600398,海澜之家,5.84,5.85,5.83,195354.0,5.86,2327.0,-0.01,-0.17,5.87
600399,抚顺特钢,4.16,4.23,4.22,362044.0,4.19,1890.0,-0.07,-1.65,4.24
600400,红豆股份,2.58,2.65,2.62,331696.0,2.61,2083.0,-0.07,-2.64,2.7
600403,大有能源,8.05,7.65,7.8,2001902.0,8.07,158.0,0.4,5.23,8.42
600405,动力源,4.23,4.4,4.37,94926.0,4.26,825.0,-0.17,-3.86,4.37
600406,国电南瑞,22.85,22.68,22.65,529538.0,22.88,598.0,0.17,0.75,23.07
600408,安泰集团,2.92,2.94,2.91,1255337.0,2.94,1030.0,-0.02,-0.68,3.2
600409,三友化工,5.97,5.99,6.03,271806.0,5.99,455.0,-0.02,-0.33,6.17
600410,华胜天成,17.23,18.32,17.9,776668.0,17.25,1328.0,-1.09,-5.95,17.99
600415,小商品城,11.02,11.07,11.0,542984.0,11.05,481.0,-0.05,-0.45,11.2
600416,湘电股份,9.55,9.81,9.73,222074.0,9.58,752.0,-0.26,-2.65,9.77
600418,江淮汽车,31.28,32.32,32.0,904677.0,31.3,254.0,-1.04,-3.22,32.4
600419,天润乳业,7.91,7.95,7.94,34586.0,7.93,246.0,-0.04,-0.5,7.98
600420,国药现代,8.54,8.7,8.68,57265.0,8.57,242.0,-0.16,-1.84,8.73
600422,昆药集团,8.39,8.43,8.39,64182.0,8.41,5.0,-0.04,-0.47,8.58
600425,青松建化,3.53,3.55,3.53,99640.0,3.56,1832.0,-0.02,-0.56,3.56
600426,华鲁恒升,26.7,26.76,27.07,240466.0,26.72,162.0,-0.06,-0.22,27.17
600428,中远海特,7.83,7.66,7.66,289961.0,7.86,1976.0,0.17,2.22,7.86
600429,三元股份,4.37,4.42,4.4,98912.0,4.4,696.0,-0.05,-1.13,4.43
600433,冠豪高新,3.43,3.52,3.51,412325.0,3.45,4047.0,-0.09,-2.56,3.52
600435,北方导航,11.83,12.2,12.08,234946.0,11.86,152.0,-0.37,-3.03,12.13
600436,片仔癀,118.35,117.5,116.32,30113.0,118.38,1.0,0.85,0.72,118.78
600438,通威股份,14.2,13.97,13.6,1019064.0,14.23,1214.0,0.23,1.65,14.33
600439,瑞贝卡,2.27,2.35,2.31,439674.0,2.29,2168.0,-0.08,-3.4,2.36
600444,国机通用,14.12,14.19,14.13,18415.0,14.15,78.0,-0.07,-0.49,14.23
600446,金证股份,11.21,11.9,11.8,235627.0,11.23,321.0,-0.69,-5.8,11.9
600448,华纺股份,2.92,2.93,2.89,168138.0,2.94,2705.0,-0.01,-0.34,2.95
600449,宁夏建材,12.48,13.21,13.0,76453.0,12.53,3.0,-0.73,-5.53,13.1
600452,涪陵电力,10.25,10.41,10.2,294223.0,10.27,131.0,-0.16,-1.54,10.49
600455,博通股份,24.26,24.7,24.52,13146.0,24.29,38.0,-0.44,-1.78,24.79
600456,宝钛股份,28.6,28.63,28.33,76027.0,28.62,243.0,-0.03,-0.1,29.05
600458,时代新材,15.23,15.56,15.5,497701.0,15.26,102.0,-0.33,-2.12,15.7
600459,贵研铂业,25.11,22.83,22.5,336187.0,0.0,0.0,2.28,9.99,25.11
600460,士兰微,33.18,33.53,32.99,631188.0,33.2,670.0,-0.35,-1.04,34.4
600461,洪城环境,9.36,9.48,9.46,119119.0,9.42,222.0,-0.12,-1.27,9.55
600463,空港股份,8.98,9.05,9.07,25223.0,9.01,60.0,-0.07,-0.77,9.08
600467,好当家,2.13,2.16,2.15,204462.0,2.16,5139.0,-0.03,-1.39,2.16
600468,百利电气,5.63,5.77,5.7,206189.0,5.65,1396.0,-0.14,-2.43,5.78
600469,风神股份,5.54,5.6,5.6,49148.0,5.59,189.0,-0.06,-1.07,5.6
600470,六国化工,5.67,5.15,5.5,150479.0,0.0,0.0,0.52,10.1,5.67
600475,华光环能,14.17,14.07,14.08,79595.0,14.2,240.0,0.1,0.71,14.38
600477,杭萧钢构,2.53,2.58,2.57,247331.0,2.56,3912.0,-0.05,-1.94,2.57
600478,科力远,5.4,5.46,5.4,214566.0,5.43,430.0,-0.06,-1.1,5.5
600479,千金药业,9.79,10.01,9.97,48379.0,9.82,84.0,-0.22,-2.2,10.01
600480,凌云股份,9.58,9.82,9.71,229765.0,9.61,1272.0,-0.24,-2.44,9.77
600481,双良节能,5.16,4.96,4.88,1493968.0,5.19,7980.0,0.2,4.03,5.22
600482,中国动力,31.37,33.06,33.06,500398.0,31.39,13.0,-1.69,-5.11,33.38
600483,福能股份,11.71,11.85,11.76,314059.0,11.73,802.0,-0.14,-1.18,11.79
600486,扬农化工,53.81,54.3,54.25,58149.0,53.86,15.0,-0.49,-0.9,54.95
600487,亨通光电,102.4,106.88,105.1,2249229.0,102.44,27.0,-4.48,-4.19,108.0
600488,津药药业,5.08,5.23,5.25,983543.0,5.1,927.0,-0.15,-2.87,5.6
600489,中金黄金,20.64,20.48,20.27,717791.0,20.67,473.0,0.16,0.78,20.74
600490,鹏欣资源,6.64,6.56,6.47,400707.0,6.66,354.0,0.08,1.22,6.83
600493,凤竹纺织,5.99,6.08,6.05,44336.0,6.02,100.0,-0.09,-1.48,6.08
600495,晋西车轴,3.72,3.84,3.82,116382.0,3.75,1249.0,-0.12,-3.13,3.83
600496,精工钢构,3.76,3.84,3.83,255749.0,3.79,3051.0,-0.08,-2.08,3.83
600497,驰宏锌锗,8.44,8.21,8.18,1190736.0,8.46,814.0,0.23,2.8,8.57
600498,烽火通信,60.99,55.7,55.7,2363943.0,61.01,564.0,5.29,9.5,61.27
600499,科达制造,14.9,14.95,14.8,196615.0,14.92,53.0,-0.05,-0.33,15.27
600500,中化国际,7.21,6.55,7.21,388870.0,0.0,0.0,0.66,10.08,7.21
600501,航天晨光,17.25,17.58,17.38,64783.0,17.28,5.0,-0.33,-1.88,17.52
600502,安徽建工,4.62,4.76,4.75,428588.0,4.64,1410.0,-0.14,-2.94,4.76
600503,华丽家族,2.45,2.54,2.51,505349.0,2.48,1358.0,-0.09,-3.54,2.57
600505,西昌电力,14.86,14.38,13.95,429658.0,14.88,731.0,0.48,3.34,15.2
600506,统一股份,16.34,16.24,16.24,51532.0,16.36,121.0,0.1,0.62,16.37
600507,方大特钢,4.23,4.31,4.31,318881.0,4.25,627.0,-0.08,-1.86,4.35
600508,上海能源,12.79,12.57,12.69,101260.0,12.82,75.0,0.22,1.75,12.94
600509,天富能源,8.03,8.13,8.1,298962.0,8.06,226.0,-0.1,-1.23,8.16
600510,黑牡丹,7.45,7.72,7.66,119885.0,7.47,130.0,-0.27,-3.5,7.79
600511,国药股份,27.54,27.47,27.49,33672.0,27.56,237.0,0.07,0.25,27.62
600512,腾达建设,2.04,2.06,2.04,174270.0,2.06,5543.0,-0.02,-0.97,2.06
600513,联环药业,15.77,16.08,15.88,65707.0,15.79,219.0,-0.31,-1.93,16.09
600515,海南机场,2.92,2.96,2.94,1051966.0,2.94,15590.0,-0.04,-1.35,2.95
600516,方大炭素,5.74,5.67,5.58,1441818.0,5.77,1593.0,0.07,1.23,5.96
600517,国网英大,4.79,4.88,4.87,237621.0,4.81,720.0,-0.09,-1.84,4.92
600518,康美药业,1.38,1.41,1.39,2085348.0,1.4,81558.0,-0.03,-2.13,1.41
600519,贵州茅台,1279.0,1275.88,1272.12,25352.0,1279.02,4.0,3.12,0.24,1282.88
600520,三佳科技,28.77,28.88,28.3,112232.0,28.8,115.0,-0.11,-0.38,29.66
600521,华海药业,14.09,14.41,14.36,138153.0,14.12,407.0,-0.32,-2.22,14.44
600522,中天科技,49.27,50.2,49.69,2899092.0,49.29,107.0,-0.93,-1.85,51.0
600523,贵航股份,10.92,11.05,11.08,34441.0,10.95,94.0,-0.13,-1.18,11.09
600526,菲达环保,4.42,4.5,4.44,81614.0,4.44,404.0,-0.08,-1.78,4.49
600527,江南高纤,2.28,2.32,2.3,465088.0,2.3,10541.0,-0.04,-1.72,2.33
600528,中铁工业,6.93,7.04,7.02,104171.0,6.96,972.0,-0.11,-1.56,7.06
600529,山东药玻,18.05,18.66,18.6,109157.0,18.08,58.0,-0.61,-3.27,18.86
600530,交大昂立,5.92,6.05,5.95,92647.0,5.94,792.0,-0.13,-2.15,6.12
600531,豫光金铅,11.9,11.52,11.45,479765.0,11.93,835.0,0.38,3.3,12.15
600533,栖霞建设,2.18,2.16,2.14,165275.0,2.2,2884.0,0.02,0.93,2.2
600535,天士力,14.2,14.33,14.39,70767.0,14.26,22.0,-0.13,-0.91,14.4
600536,中国软件,33.13,34.53,34.48,156480.0,33.15,200.0,-1.4,-4.05,34.48
600538,国发股份,5.91,5.84,5.79,126579.0,5.93,299.0,0.07,1.2,6.1
600539,狮头股份,14.85,14.87,15.02,95461.0,14.89,48.0,-0.02,-0.13,15.48
600540,新赛股份,4.45,4.39,4.37,245378.0,4.48,520.0,0.06,1.37,4.55
600545,卓郎智能,5.76,5.92,5.77,1181459.0,5.79,2286.0,-0.16,-2.7,6.01
600546,山煤国际,13.03,13.12,13.15,278073.0,13.06,124.0,-0.09,-0.69,13.36
600547,山东黄金,26.95,26.61,26.4,542603.0,26.98,320.0,0.34,1.28,27.45
600548,深高速,8.53,8.72,8.7,25669.0,8.55,1392.0,-0.19,-2.18,8.74
600549,XD厦门钨,67.44,63.35,64.51,1190760.0,67.46,106.0,4.09,6.46,68.6
600550,保变电气,11.86,11.88,11.83,265116.0,11.89,716.0,-0.02,-0.17,11.94
600551,时代出版,7.31,7.38,7.34,46566.0,7.33,401.0,-0.07,-0.95,7.44
600552,凯盛科技,20.59,20.68,20.17,1120477.0,20.62,39.0,-0.09,-0.44,21.44
600556,天下秀,4.91,5.33,5.2,936538.0,4.94,745.0,-0.42,-7.88,5.31
600557,康缘药业,11.7,11.96,11.92,29528.0,11.72,679.0,-0.26,-2.17,11.97
600558,大西洋,5.27,5.33,5.29,103389.0,5.3,656.0,-0.06,-1.13,5.33
600559,老白干酒,12.14,11.9,11.87,167810.0,12.17,102.0,0.24,2.02,12.32
600560,金自天正,11.92,12.36,12.28,53200.0,11.97,58.0,-0.44,-3.56,12.33
600561,江西长运,5.56,5.67,5.66,37666.0,5.59,64.0,-0.11,-1.94,5.67
600562,国睿科技,21.0,21.03,20.84,87525.0,21.02,42.0,-0.03,-0.14,21.35
600563,法拉电子,150.25,155.0,152.3,99985.0,150.27,5.0,-4.75,-3.06,155.96
600566,济川药业,26.37,27.1,27.08,68958.0,26.39,45.0,-0.73,-2.69,27.25
600567,山鹰国际,1.31,1.37,1.36,1763674.0,1.34,13944.0,-0.06,-4.38,1.37
600569,安阳钢铁,1.81,1.82,1.81,100474.0,1.83,3916.0,-0.01,-0.55,1.82
600570,恒生电子,21.02,21.79,21.6,289221.0,21.05,357.0,-0.77,-3.53,21.7
600571,信雅达,10.23,10.6,10.51,85779.0,10.25,521.0,-0.37,-3.49,10.57
600572,康恩贝,4.07,4.13,4.11,301278.0,4.1,5606.0,-0.06,-1.45,4.13
600573,惠泉啤酒,13.31,13.01,13.01,471287.0,13.33,352.0,0.3,2.31,13.48
600575,淮河能源,3.75,3.68,3.63,583536.0,3.77,4892.0,0.07,1.9,3.77
600576,祥源文旅,5.62,5.69,5.63,91258.0,5.65,675.0,-0.07,-1.23,5.75
600577,精达股份,10.85,10.79,10.65,769120.0,10.87,738.0,0.06,0.56,11.18
600578,京能电力,7.78,8.22,8.04,2628129.0,7.8,2447.0,-0.44,-5.35,8.25
600579,中化装备,6.74,7.09,7.01,257857.0,6.77,463.0,-0.35,-4.94,7.19
600580,卧龙电驱,34.83,36.01,35.53,425729.0,34.85,256.0,-1.18,-3.28,35.84
600582,天地科技,5.53,5.6,5.6,338114.0,5.56,2714.0,-0.07,-1.25,5.64
600583,海油工程,5.43,5.4,5.44,317600.0,5.46,2119.0,0.03,0.56,5.54
600584,长电科技,71.95,74.05,72.6,1279991.0,71.98,472.0,-2.1,-2.84,74.26
600585,海螺水泥,18.57,18.78,18.76,274943.0,18.6,266.0,-0.21,-1.12,18.77
600586,金晶科技,4.7,4.78,4.73,286008.0,4.73,1078.0,-0.08,-1.67,4.78
600587,新华医疗,12.58,12.66,12.69,43438.0,12.6,584.0,-0.08,-0.63,12.71
600588,用友网络,9.9,10.35,10.23,539911.0,9.92,1933.0,-0.45,-4.35,10.29
600589,大位科技,9.43,9.95,9.72,1062204.0,9.45,4288.0,-0.52,-5.23,9.84
600590,泰豪科技,11.45,11.88,11.79,328233.0,11.48,657.0,-0.43,-3.62,11.79
600592,龙溪股份,16.41,18.23,17.74,133651.0,16.43,315.0,-1.82,-9.98,17.74
600593,大连圣亚,39.6,39.35,39.35,107023.0,39.63,26.0,0.25,0.64,40.25
600594,益佰制药,3.25,3.31,3.3,143542.0,3.27,1914.0,-0.06,-1.81,3.33
600595,中孚实业,6.6,6.62,6.57,488943.0,6.62,249.0,-0.02,-0.3,6.67
600596,XD新安股,14.3,14.83,14.73,1051461.0,14.33,692.0,-0.53,-3.57,15.7
600597,光明乳业,6.61,6.81,6.8,82756.0,6.64,544.0,-0.2,-2.94,6.83
600598,北大荒,14.0,13.97,13.9,147220.0,14.03,65.0,0.03,0.21,14.15
600600,青岛啤酒,60.69,61.03,60.5,80083.0,60.71,65.0,-0.34,-0.56,60.71
600601,方正科技,11.72,11.89,11.8,1464319.0,11.74,1576.0,-0.17,-1.43,11.95
600602,云赛智联,16.67,17.56,17.5,293183.0,16.7,282.0,-0.89,-5.07,17.5
600603,广汇物流,4.46,4.55,4.51,85012.0,4.5,305.0,-0.09,-1.98,4.58
600604,市北高新,4.1,4.19,4.18,94316.0,4.13,1752.0,-0.09,-2.15,4.18
600605,汇通能源,29.89,29.7,29.3,37382.0,29.91,3.0,0.19,0.64,30.05
600606,绿地控股,1.36,1.37,1.36,1028512.0,1.38,62303.0,-0.01,-0.73,1.38
600609,金杯汽车,3.33,3.4,3.36,149682.0,3.36,2474.0,-0.07,-2.06,3.4
600610,中毅达,8.35,8.05,7.95,414493.0,8.37,623.0,0.3,3.73,8.47
600611,大众交通,4.22,4.63,4.45,874619.0,4.25,8975.0,-0.41,-8.86,4.45
600612,老凤祥,34.6,35.28,35.1,9264.0,34.64,2.0,-0.68,-1.93,35.37
600613,神奇制药,4.85,4.89,4.87,51321.0,4.89,808.0,-0.04,-0.82,4.91
600615,鑫源智造,9.24,9.34,9.4,19662.0,9.28,69.0,-0.1,-1.07,9.4
600616,金枫酒业,4.19,4.23,4.22,69427.0,4.22,468.0,-0.04,-0.95,4.23
600617,国新能源,3.09,3.17,3.16,340496.0,3.11,947.0,-0.08,-2.52,3.31
600618,氯碱化工,10.7,10.15,10.21,230222.0,10.72,283.0,0.55,5.42,10.78
600619,海立股份,14.42,14.5,14.39,153458.0,14.44,267.0,-0.08,-0.55,14.67
600620,天宸股份,4.47,4.55,4.52,63057.0,4.5,135.0,-0.08,-1.76,4.57
600621,华鑫股份,11.99,12.3,12.23,89941.0,12.02,266.0,-0.31,-2.52,12.38
600622,光大嘉宝,2.25,2.29,2.27,219636.0,2.27,2328.0,-0.04,-1.75,2.31
600623,华谊集团,8.37,8.17,8.31,213351.0,8.4,900.0,0.2,2.45,8.48
600626,申达股份,3.39,3.44,3.41,120596.0,3.42,1621.0,-0.05,-1.45,3.47
600628,新世界,6.04,6.13,6.08,58572.0,6.06,428.0,-0.09,-1.47,6.17
600629,华建集团,15.9,16.04,16.25,129275.0,15.92,212.0,-0.14,-0.87,16.25
600630,龙头股份,8.95,8.9,8.96,350874.0,8.97,301.0,0.05,0.56,9.0
600633,浙数文化,10.91,11.39,11.27,236096.0,10.93,511.0,-0.48,-4.21,11.36
600635,大众公用,4.77,4.91,4.93,365143.0,4.79,1569.0,-0.14,-2.85,4.98
600637,东方明珠,8.44,8.74,8.67,427558.0,8.46,640.0,-0.3,-3.43,8.68
600638,新黄浦,5.18,5.21,5.15,62312.0,5.22,170.0,-0.03,-0.58,5.24
600639,浦东金桥,9.64,9.55,9.58,27034.0,9.66,295.0,0.09,0.94,9.64
600640,国脉文化,10.51,11.13,11.08,125381.0,10.56,360.0,-0.62,-5.57,11.15
600641,先导基电,28.91,27.53,28.1,1087380.0,28.94,17.0,1.38,5.01,30.28
600642,申能股份,9.56,9.44,9.41,262351.0,9.59,1177.0,0.12,1.27,9.59
600643,爱建集团,3.9,4.01,3.99,118197.0,3.92,514.0,-0.11,-2.74,4.04
600644,乐山电力,9.8,10.18,10.02,168225.0,9.83,187.0,-0.38,-3.73,10.08
600645,中源协和,18.19,18.52,18.48,74392.0,18.22,12.0,-0.33,-1.78,18.56
600648,外高桥,8.73,8.9,8.89,27440.0,8.76,10.0,-0.17,-1.91,8.98
600649,城投控股,3.64,3.66,3.64,128723.0,3.66,1362.0,-0.02,-0.55,3.68
600650,锦江在线,10.11,10.43,10.3,31694.0,10.13,52.0,-0.32,-3.07,10.4
600651,飞乐音响,6.01,6.06,6.07,153134.0,6.04,170.0,-0.05,-0.83,6.17
600653,申华控股,1.63,1.69,1.67,224145.0,1.66,10005.0,-0.06,-3.55,1.68
600654,中安科,2.85,3.04,3.0,849040.0,2.88,6268.0,-0.19,-6.25,3.01
600655,豫园股份,4.37,4.43,4.42,101039.0,4.39,179.0,-0.06,-1.35,4.47
600657,信达地产,2.72,2.71,2.68,324461.0,2.74,925.0,0.01,0.37,2.78
600658,电子城,4.33,4.37,4.37,92837.0,4.36,1445.0,-0.04,-0.92,4.39
600660,福耀玻璃,52.41,53.05,53.1,90761.0,52.44,102.0,-0.64,-1.21,53.13
600661,昂立教育,7.82,7.95,7.86,40622.0,7.84,185.0,-0.13,-1.64,7.95
600662,外服控股,4.17,4.34,4.32,134334.0,4.2,401.0,-0.17,-3.92,4.33
600663,陆家嘴,6.5,6.61,6.62,123932.0,6.53,186.0,-0.11,-1.66,6.66
600664,哈药股份,3.09,3.11,3.09,287701.0,3.11,2357.0,-0.02,-0.64,3.15
600665,天地源,4.07,3.7,3.94,356765.0,0.0,0.0,0.37,10.0,4.07
600666,奥瑞德,4.38,4.52,4.48,1104193.0,4.41,3478.0,-0.14,-3.1,4.49
600667,太极实业,17.51,15.92,15.38,3391858.0,0.0,0.0,1.59,9.99,17.51
600668,尖峰集团,7.33,7.47,7.5,39491.0,7.35,871.0,-0.14,-1.87,7.5
600671,天目药业,15.94,16.26,16.26,17224.0,16.07,9.0,-0.32,-1.97,16.3
600673,东阳光,33.14,33.3,33.3,386895.0,33.16,191.0,-0.16,-0.48,33.78
600674,川投能源,15.51,15.14,15.13,443024.0,15.53,1625.0,0.37,2.44,15.59
600675,中华企业,2.36,2.38,2.37,234402.0,2.39,6013.0,-0.02,-0.84,2.39
600676,交运股份,6.32,6.11,6.08,197307.0,6.35,426.0,0.21,3.44,6.46
600679,上海凤凰,9.31,9.77,9.63,64638.0,9.33,145.0,-0.46,-4.71,9.76
600681,百川能源,3.53,3.5,3.48,131222.0,3.55,5395.0,0.03,0.86,3.56
600682,南京新百,5.84,5.92,5.9,181014.0,5.86,310.0,-0.08,-1.35,6.03
600683,京投发展,12.63,13.35,13.11,340620.0,12.66,866.0,-0.72,-5.39,13.4
600684,珠江股份,3.34,3.35,3.34,125915.0,3.36,1107.0,-0.01,-0.3,3.39
600685,中船防务,25.12,25.48,25.19,89892.0,25.14,165.0,-0.36,-1.41,25.4
600686,金龙汽车,12.3,12.61,12.46,119184.0,12.33,1026.0,-0.31,-2.46,12.6
600688,上海石化,2.89,2.99,2.96,1852287.0,2.91,9275.0,-0.1,-3.34,3.01
600689,上海三毛,11.39,10.99,11.06,58419.0,11.41,130.0,0.4,3.64,11.46
600690,海尔智家,21.11,20.42,20.37,770234.0,21.13,1342.0,0.69,3.38,21.13
600691,潞化科技,2.62,2.63,2.64,252526.0,2.65,2616.0,-0.01,-0.38,2.69
600692,亚通股份,6.29,6.41,6.35,45406.0,6.32,240.0,-0.12,-1.87,6.38
600693,东百集团,8.63,8.97,8.8,472959.0,8.66,636.0,-0.34,-3.79,9.2
600694,大商股份,14.42,14.4,14.31,35268.0,14.44,125.0,0.02,0.14,14.44
600697,欧亚集团,10.81,10.9,10.88,28696.0,10.84,205.0,-0.09,-0.83,10.94
600698,湖南天雁,7.14,6.86,6.87,456929.0,7.17,618.0,0.28,4.08,7.18
600699,均胜电子,23.53,24.2,24.19,336957.0,23.56,327.0,-0.67,-2.77,24.49
600702,舍得酒业,37.88,39.02,38.6,59288.0,37.91,55.0,-1.14,-2.92,38.61
600703,三安光电,15.26,15.57,15.02,2154369.0,15.29,879.0,-0.31,-1.99,15.59
600704,物产中大,4.67,4.72,4.69,369394.0,4.7,5836.0,-0.05,-1.06,4.73
600706,曲江文旅,7.65,7.78,7.65,53887.0,7.68,17.0,-0.13,-1.67,7.76
600707,彩虹股份,10.61,11.33,11.21,2214231.0,10.63,504.0,-0.72,-6.35,11.21
600708,光明地产,2.85,2.96,2.92,256887.0,2.88,1633.0,-0.11,-3.72,2.95
600710,苏美达,10.85,11.1,11.18,82524.0,10.87,58.0,-0.25,-2.25,11.25
600711,盛屯矿业,11.83,11.29,11.1,971809.0,11.85,3732.0,0.54,4.78,11.94
600712,南宁百货,5.33,5.38,5.38,55755.0,5.35,611.0,-0.05,-0.93,5.44
600713,南京医药,4.87,4.97,4.93,70208.0,4.89,524.0,-0.1,-2.01,4.99
600714,金瑞矿业,29.22,28.82,28.91,181603.0,29.25,51.0,0.4,1.39,29.33
600715,文投控股,1.68,1.74,1.72,241301.0,1.71,4092.0,-0.06,-3.45,1.74
600716,凤凰股份,3.73,3.71,3.69,161125.0,3.75,312.0,0.02,0.54,3.84
600718,东软集团,7.73,7.92,7.88,105936.0,7.76,95.0,-0.19,-2.4,7.93
600719,大连热电,8.74,9.23,9.05,389170.0,8.77,581.0,-0.49,-5.31,9.12
600720,中交设计,5.53,5.62,5.6,90929.0,5.56,772.0,-0.09,-1.6,5.65
600721,百花医药,7.87,8.02,7.81,219368.0,7.89,534.0,-0.15,-1.87,7.99
600722,金牛化工,10.82,9.84,10.34,1034177.0,0.0,0.0,0.98,9.96,10.82
600724,宁波富达,6.64,6.46,6.42,101833.0,6.66,42.0,0.18,2.79,6.72
600725,云维股份,3.8,3.78,3.72,149674.0,3.82,707.0,0.02,0.53,3.86
600726,华电能源,8.12,8.43,8.3,1884694.0,8.15,2090.0,-0.31,-3.68,8.5
600727,鲁北化工,7.6,7.96,8.01,329774.0,7.62,745.0,-0.36,-4.52,8.27
600728,佳都科技,4.55,4.74,4.72,397625.0,4.57,942.0,-0.19,-4.01,4.73
600729,重百集团,20.05,19.31,19.2,55972.0,20.07,77.0,0.74,3.83,20.1
600731,湖南海利,5.4,5.5,5.48,56673.0,5.42,114.0,-0.1,-1.82,5.52
600732,爱旭股份,12.54,12.07,12.07,1060366.0,12.56,608.0,0.47,3.89,13.04
600733,北汽蓝谷,5.7,5.8,5.76,581075.0,5.73,2491.0,-0.1,-1.72,5.83
600736,苏州高新,7.78,7.38,7.31,860322.0,7.81,2088.0,0.4,5.42,7.93
600737,中粮糖业,12.72,12.97,12.93,174793.0,12.75,178.0,-0.25,-1.93,13.02
600738,丽尚国潮,4.05,4.11,4.07,68133.0,4.07,238.0,-0.06,-1.46,4.14
600739,辽宁成大,9.91,10.0,9.96,92298.0,9.94,96.0,-0.09,-0.9,10.15
600740,山西焦化,3.66,3.62,3.64,384474.0,3.69,3076.0,0.04,1.1,3.72
600741,华域汽车,16.65,16.6,16.52,170812.0,16.68,175.0,0.05,0.3,16.71
600742,富维股份,7.92,7.83,7.79,65919.0,7.94,263.0,0.09,1.15,7.95
600743,华远控股,2.24,2.31,2.29,475314.0,2.27,8850.0,-0.07,-3.03,2.32
600744,华银电力,7.18,7.31,7.21,659048.0,7.21,1076.0,-0.13,-1.78,7.36
600746,江苏索普,6.08,6.06,6.1,153414.0,6.11,57.0,0.02,0.33,6.3
600748,上实发展,4.02,4.11,4.08,130638.0,4.04,431.0,-0.09,-2.19,4.1
600749,西藏旅游,16.12,17.06,16.89,198840.0,16.15,81.0,-0.94,-5.51,16.89
600750,华润江中,25.0,25.57,25.77,41812.0,25.02,14.0,-0.57,-2.23,25.97
600751,海航科技,2.97,2.99,2.98,261532.0,2.99,2793.0,-0.02,-0.67,3.06
600754,锦江酒店,19.29,19.6,19.5,79414.0,19.31,347.0,-0.31,-1.58,19.59
600755,厦门国贸,5.52,5.6,5.58,128085.0,5.55,1329.0,-0.08,-1.43,5.6
600756,浪潮软件,12.91,13.57,13.45,84145.0,12.93,186.0,-0.66,-4.86,13.47
600757,长江传媒,7.99,8.13,8.13,76332.0,8.02,190.0,-0.14,-1.72,8.15
600758,辽宁能源,4.08,4.16,4.12,814142.0,4.11,2017.0,-0.08,-1.92,4.33
600760,中航沈飞,41.62,41.05,40.77,183875.0,41.64,345.0,0.57,1.39,41.99
600761,安徽合力,16.02,16.38,16.38,105364.0,16.04,26.0,-0.36,-2.2,16.48
600763,通策医疗,33.53,33.77,33.65,45232.0,33.57,13.0,-0.24,-0.71,34.08
600764,中国海防,18.78,19.07,18.88,65050.0,18.81,202.0,-0.29,-1.52,19.0
600765,中航重机,13.27,13.21,13.15,145092.0,13.3,640.0,0.06,0.45,13.3
600768,宁波富邦,15.1,15.34,15.33,24691.0,15.15,163.0,-0.24,-1.56,15.4
600769,祥龙电业,16.38,15.72,15.68,267652.0,16.4,82.0,0.66,4.2,16.55
600770,综艺股份,5.72,5.89,5.84,259655.0,5.75,1378.0,-0.17,-2.89,5.89
600771,广誉远,13.76,13.97,13.9,47540.0,13.78,43.0,-0.21,-1.5,14.04
600773,西藏城投,14.7,14.85,14.84,393396.0,14.75,50.0,-0.15,-1.01,15.49
600774,汉商集团,7.02,7.07,7.0,34595.0,7.04,124.0,-0.05,-0.71,7.1
600775,南京熊猫,10.03,10.28,10.16,125504.0,10.06,240.0,-0.25,-2.43,10.27
600776,东方通信,15.35,16.48,16.18,375931.0,15.38,647.0,-1.13,-6.86,16.22
600778,友好集团,5.64,5.68,5.66,61911.0,5.66,519.0,-0.04,-0.7,5.72
600779,水井坊,28.5,29.55,29.15,58966.0,28.55,1.0,-1.05,-3.55,29.45
600780,通宝能源,6.51,6.43,6.4,150579.0,6.54,2664.0,0.08,1.24,6.54
600782,新钢股份,2.59,2.59,2.57,266333.0,2.62,6720.0,0.0,0.0,2.61
600783,鲁信创投,21.95,22.35,22.13,192199.0,21.97,141.0,-0.4,-1.79,22.45
600784,鲁银投资,6.88,7.08,7.03,86507.0,6.9,294.0,-0.2,-2.82,7.08
600785,新华百货,14.95,15.04,14.72,79925.0,14.97,107.0,-0.09,-0.6,15.11
600787,中储股份,4.5,4.57,4.57,165083.0,4.52,849.0,-0.07,-1.53,4.6
600789,鲁抗医药,7.0,7.14,7.09,83655.0,7.03,272.0,-0.14,-1.96,7.13
600790,轻纺城,3.79,3.82,3.8,128544.0,3.82,1430.0,-0.03,-0.79,3.84
600791,京能置业,13.49,12.67,12.83,221138.0,13.52,608.0,0.82,6.47,13.6
600792,云煤能源,3.9,3.97,4.01,359515.0,3.93,205.0,-0.07,-1.76,4.22
600793,宜宾纸业,13.39,13.52,13.42,32632.0,13.42,148.0,-0.13,-0.96,13.68
600794,保税科技,3.06,3.13,3.1,98843.0,3.08,1335.0,-0.07,-2.24,3.12
600795,国电电力,4.99,4.92,4.9,1775954.0,5.01,10283.0,0.07,1.42,5.0
600796,钱江生化,5.05,5.12,5.1,47491.0,5.07,193.0,-0.07,-1.37,5.14
600797,浙大网新,7.22,7.66,7.52,276758.0,7.25,918.0,-0.44,-5.74,7.56
600798,宁波海运,3.31,3.34,3.35,192497.0,3.34,940.0,-0.03,-0.9,3.39
600800,渤海化学,3.64,3.73,3.75,221876.0,3.66,1201.0,-0.09,-2.41,3.83
600801,华新建材,18.77,18.35,18.13,141450.0,18.81,106.0,0.42,2.29,18.9
600802,福建水泥,4.75,4.81,4.72,40408.0,4.78,986.0,-0.06,-1.25,4.8
600803,新奥股份,18.23,17.97,18.1,96801.0,18.25,35.0,0.26,1.45,18.32
600805,悦达投资,4.37,4.43,4.42,56548.0,4.4,1625.0,-0.06,-1.35,4.44
600807,济高发展,2.58,2.58,2.56,184962.0,2.61,2463.0,0.0,0.0,2.59
600808,马钢股份,2.81,2.84,2.82,537560.0,2.84,5714.0,-0.03,-1.06,2.89
600809,山西汾酒,119.6,118.79,118.19,70906.0,119.66,49.0,0.81,0.68,120.66
600810,神马股份,6.26,6.19,6.05,267029.0,6.29,866.0,0.07,1.13,6.41
600812,XD华北制,4.35,4.36,4.34,119115.0,4.37,584.0,-0.01,-0.23,4.49
600814,杭州解百,6.77,6.88,6.85,46457.0,6.79,527.0,-0.11,-1.6,6.92
600815,厦工股份,2.96,3.04,3.01,382071.0,2.99,2274.0,-0.08,-2.63,3.05
600816,建元信托,2.61,2.68,2.65,581037.0,2.63,3139.0,-0.07,-2.61,2.7
600817,宇通重工,9.65,9.82,9.8,19214.0,9.68,91.0,-0.17,-1.73,9.8
600819,耀皮玻璃,6.4,6.51,6.47,99686.0,6.42,361.0,-0.11,-1.69,6.47
600820,隧道股份,5.37,5.46,5.46,133696.0,5.4,2105.0,-0.09,-1.65,5.48
600821,金开新能,6.4,6.58,6.5,939539.0,6.43,2092.0,-0.18,-2.74,6.62
600822,上海物贸,8.31,8.45,8.5,21935.0,8.33,181.0,-0.14,-1.66,8.5
600824,益民集团,3.58,3.62,3.6,108004.0,3.6,556.0,-0.04,-1.1,3.66
600825,新华传媒,4.8,5.15,5.07,211621.0,4.82,1400.0,-0.35,-6.8,5.1
600826,兰生股份,9.27,9.38,9.38,68326.0,9.29,85.0,-0.11,-1.17,9.44
600827,百联股份,7.89,8.05,8.01,94162.0,7.91,166.0,-0.16,-1.99,8.05
600828,茂业商业,3.98,4.23,4.18,504160.0,4.01,373.0,-0.25,-5.91,4.45
600829,人民同泰,8.28,8.37,8.33,37805.0,8.3,459.0,-0.09,-1.08,8.42
600830,香溢融通,8.13,8.2,8.14,84457.0,8.15,423.0,-0.07,-0.85,8.3
600831,广电网络,3.27,3.35,3.3,141995.0,3.29,158.0,-0.08,-2.39,3.36
600833,第一医药,9.95,10.07,10.06,23584.0,9.98,468.0,-0.12,-1.19,10.12
600834,申通地铁,7.17,7.29,7.23,17879.0,7.19,79.0,-0.12,-1.65,7.3
600835,上海机电,19.8,20.2,20.01,63570.0,19.83,551.0,-0.4,-1.98,20.21
600838,上海九百,7.56,7.67,7.6,63902.0,7.59,235.0,-0.11,-1.43,7.73
600839,四川长虹,6.67,6.98,6.89,690761.0,6.7,3852.0,-0.31,-4.44,6.9
600841,动力新科,6.71,6.8,6.8,132559.0,6.73,272.0,-0.09,-1.32,6.86
600843,上工申贝,8.16,8.45,8.45,317769.0,8.19,94.0,-0.29,-3.43,8.53
600844,金煤科技,2.88,2.83,2.87,509926.0,2.9,690.0,0.05,1.77,3.1
600845,宝信软件,17.91,19.01,18.84,215249.0,17.93,45.0,-1.1,-5.79,18.95
600846,同济科技,10.05,10.75,10.64,75908.0,10.08,33.0,-0.7,-6.51,10.68
600847,万里股份,14.45,15.03,14.77,39936.0,14.53,20.0,-0.58,-3.86,15.62
600848,上海临港,8.0,8.21,8.21,106486.0,8.03,156.0,-0.21,-2.56,8.25
600850,电科数字,18.26,18.99,18.66,150524.0,18.29,117.0,-0.73,-3.84,18.75
600851,海欣股份,7.11,7.11,7.02,46718.0,7.13,36.0,0.0,0.0,7.21
600853,龙建股份,3.31,3.43,3.4,122461.0,3.34,206.0,-0.12,-3.5,3.4
600854,春兰股份,4.39,4.46,4.46,107000.0,4.41,381.0,-0.07,-1.57,4.5
600855,航天长峰,14.25,14.4,14.41,90601.0,14.28,20.0,-0.15,-1.04,14.44
600857,宁波中百,14.16,14.45,14.0,62850.0,14.26,30.0,-0.29,-2.01,14.6
600858,银座股份,4.82,4.85,4.83,84301.0,4.85,724.0,-0.03,-0.62,4.88
600859,王府井,10.18,10.4,10.34,110402.0,10.21,635.0,-0.22,-2.12,10.43
600860,京城股份,8.69,8.82,8.78,51912.0,8.72,273.0,-0.13,-1.47,8.82
600861,北京人力,14.53,14.63,14.67,32765.0,14.57,90.0,-0.1,-0.68,14.84
600862,中航高科,17.15,17.13,17.01,154926.0,17.18,620.0,0.02,0.12,17.23
600863,华能蒙电,5.49,5.62,5.5,2243180.0,5.51,5965.0,-0.13,-2.31,5.67
600864,哈投股份,5.04,5.14,5.13,237450.0,5.07,948.0,-0.1,-1.95,5.18
600865,百大集团,9.19,9.35,9.26,97624.0,9.23,88.0,-0.16,-1.71,9.5
600866,星湖科技,4.64,4.72,4.73,161338.0,4.67,806.0,-0.08,-1.69,4.75
600867,通化东宝,7.38,7.58,7.53,154450.0,7.41,474.0,-0.2,-2.64,7.58
600868,梅雁吉祥,3.02,3.02,3.0,528536.0,3.05,7559.0,0.0,0.0,3.05
600869,远东股份,29.5,31.55,31.18,1940569.0,29.53,307.0,-2.05,-6.5,33.55
600871,石化油服,2.22,2.2,2.23,1302902.0,2.25,22765.0,0.02,0.91,2.28
600872,中炬高新,17.52,17.88,17.94,87156.0,17.55,38.0,-0.36,-2.01,17.94
600873,梅花生物,8.73,9.14,9.15,427742.0,8.76,43.0,-0.41,-4.49,9.29
600874,创业环保,5.82,5.76,5.7,132401.0,5.85,1249.0,0.06,1.04,5.86
600875,东方电气,29.49,30.12,29.4,652404.0,29.51,133.0,-0.63,-2.09,30.0
600876,凯盛新能,8.41,8.56,8.45,44685.0,8.45,602.0,-0.15,-1.75,8.6
600877,电科芯片,13.13,13.44,13.31,131117.0,13.16,89.0,-0.31,-2.31,13.44
600879,航天电子,20.12,20.89,20.31,1361556.0,20.15,589.0,-0.77,-3.69,20.7
600880,博瑞传播,4.03,4.22,4.19,241402.0,4.06,1053.0,-0.19,-4.5,4.19
600881,亚泰集团,1.68,1.77,1.8,1959006.0,1.7,10691.0,-0.09,-5.08,1.85
600882,妙可蓝多,18.92,18.95,18.8,72322.0,18.96,388.0,-0.03,-0.16,19.35
600883,博闻科技,7.82,7.91,7.84,35756.0,7.84,1.0,-0.09,-1.14,7.98
600884,杉杉股份,13.1,13.08,13.0,500628.0,13.13,558.0,0.02,0.15,13.33
600885,宏发股份,31.69,31.82,31.79,114657.0,31.71,11.0,-0.13,-0.41,32.07
600886,国投电力,13.77,13.63,13.6,370890.0,13.8,3069.0,0.14,1.03,13.8
600887,伊利股份,25.61,25.58,25.55,378922.0,25.63,515.0,0.03,0.12,25.79
600888,新疆众和,11.14,10.89,10.76,1010660.0,11.16,1347.0,0.25,2.3,11.52
600893,航发动力,38.19,37.98,37.51,337116.0,38.22,94.0,0.21,0.55,38.58
600894,广日股份,8.36,8.59,8.59,52294.0,8.39,113.0,-0.23,-2.68,8.61
600895,张江高科,32.47,31.38,31.0,424326.0,32.5,456.0,1.09,3.47,33.16
600897,厦门空港,15.76,15.51,15.35,40907.0,15.78,124.0,0.25,1.61,15.88
600900,长江电力,27.89,27.69,27.69,991250.0,27.91,1634.0,0.2,0.72,27.95
600901,江苏金租,6.58,6.77,6.76,331569.0,6.61,239.0,-0.19,-2.81,6.81
600903,贵州燃气,9.18,9.31,9.3,453095.0,9.2,179.0,-0.13,-1.4,9.56
600905,三峡能源,4.16,4.11,4.1,2469896.0,4.18,11917.0,0.05,1.22,4.21
600906,财达证券,6.35,6.68,6.62,730731.0,6.38,1361.0,-0.33,-4.94,6.76
600908,无锡银行,5.5,5.53,5.55,134076.0,5.52,773.0,-0.03,-0.54,5.57
600909,华安证券,7.27,7.45,7.39,1531097.0,7.29,2078.0,-0.18,-2.42,7.46
600916,中国黄金,7.47,7.43,7.37,214752.0,7.5,2778.0,0.04,0.54,7.55
600917,重庆燃气,5.0,4.95,4.95,45851.0,5.03,1675.0,0.05,1.01,5.02
600918,中泰证券,5.19,5.2,5.15,391184.0,5.21,1760.0,-0.01,-0.19,5.26
600919,江苏银行,11.78,11.73,11.74,986694.0,11.81,10764.0,0.05,0.43,11.82
600925,苏能股份,4.37,4.44,4.43,180833.0,4.39,1168.0,-0.07,-1.58,4.47
600926,杭州银行,16.61,16.61,16.61,450248.0,16.64,304.0,0.0,0.0,16.72
600927,永安期货,12.12,12.34,12.29,45543.0,12.14,54.0,-0.22,-1.78,12.4
600928,西安银行,3.49,3.56,3.54,258524.0,3.52,3581.0,-0.07,-1.97,3.56
600929,XD雪天盐,5.0,5.03,5.03,135157.0,5.02,1310.0,-0.03,-0.6,5.07
600930,华电新能,5.69,5.72,5.66,1002269.0,5.72,4279.0,-0.03,-0.52,5.7
600933,爱柯迪,14.4,14.59,14.57,113404.0,14.42,252.0,-0.19,-1.3,14.57
600935,华塑股份,2.31,2.3,2.29,188348.0,2.33,8906.0,0.01,0.43,2.35
600936,北投科技,4.94,5.16,5.05,960038.0,4.97,1236.0,-0.22,-4.26,5.14
600938,中国海油,33.82,34.05,34.72,480753.0,33.84,895.0,-0.23,-0.68,34.86
600939,重庆建工,2.68,2.7,2.68,112188.0,2.71,565.0,-0.02,-0.74,2.7
600941,中国移动,95.97,97.27,96.8,71158.0,96.0,9.0,-1.3,-1.34,97.18
600955,维远股份,15.2,15.46,15.45,43347.0,15.22,19.0,-0.26,-1.68,15.6
600956,新天绿能,7.86,7.85,7.75,154063.0,7.89,372.0,0.01,0.13,7.96
600958,东方证券,8.82,8.87,8.85,319394.0,8.84,1103.0,-0.05,-0.56,8.92
600959,江苏有线,3.17,3.28,3.28,467223.0,3.2,5295.0,-0.11,-3.35,3.28
600960,渤海汽车,4.03,4.11,4.08,124752.0,4.06,713.0,-0.08,-1.95,4.1
600961,株冶集团,23.1,22.52,22.35,421366.0,23.13,16.0,0.58,2.58,23.78
600962,国投中鲁,23.83,24.73,24.44,39568.0,23.87,4.0,-0.9,-3.64,24.88
600963,岳阳林纸,3.49,3.61,3.6,224491.0,3.52,2771.0,-0.12,-3.32,3.62
600966,博汇纸业,5.23,5.55,5.55,238438.0,5.25,141.0,-0.32,-5.77,5.59
600967,内蒙一机,11.59,11.96,11.83,160997.0,11.61,635.0,-0.37,-3.09,11.93
600968,海油发展,3.82,3.81,3.86,273654.0,3.85,2968.0,0.01,0.26,3.88
600969,郴电国际,9.55,9.33,9.25,137864.0,9.57,456.0,0.22,2.36,9.85
600970,XD中材国,8.33,8.54,8.5,266997.0,8.35,456.0,-0.21,-2.46,8.52
600971,恒源煤电,7.76,7.72,7.79,140956.0,7.8,390.0,0.04,0.52,7.91
600973,宝胜股份,6.35,6.41,6.21,499017.0,6.38,151.0,-0.06,-0.94,6.59
600975,新五丰,4.79,4.79,4.79,93137.0,4.81,1054.0,0.0,0.0,4.88
600976,健民集团,26.27,26.98,26.89,16051.0,26.29,89.0,-0.71,-2.63,27.02
600977,中国电影,13.26,13.87,13.76,439013.0,13.29,1175.0,-0.61,-4.4,13.82
600979,广安爱众,4.99,4.54,4.55,684482.0,0.0,0.0,0.45,9.91,4.99
600980,北矿科技,20.53,20.7,20.68,30777.0,20.55,22.0,-0.17,-0.82,20.96
600981,苏豪汇鸿,2.78,2.71,2.74,1201177.0,2.81,3509.0,0.07,2.58,2.89
600982,宁波能源,5.56,5.53,5.39,333717.0,5.58,1586.0,0.03,0.54,5.62
600983,惠而浦,8.63,8.42,8.39,107254.0,8.66,17.0,0.21,2.49,9.0
600984,建设机械,4.13,4.28,4.23,389312.0,4.15,1674.0,-0.15,-3.5,4.44
600985,淮北矿业,16.42,16.23,16.33,260406.0,16.44,38.0,0.19,1.17,16.82
600986,浙文互联,7.69,8.04,8.0,572097.0,7.72,582.0,-0.35,-4.35,8.0
600987,航民股份,6.38,6.36,6.37,69682.0,6.4,184.0,0.02,0.31,6.41
600988,赤峰黄金,28.26,28.17,27.61,425502.0,28.28,447.0,0.09,0.32,28.87
600989,宝丰能源,22.96,22.46,22.88,801491.0,22.98,416.0,0.5,2.23,23.26
600990,四创电子,18.15,18.28,18.0,26272.0,18.17,525.0,-0.13,-0.71,18.34
600992,贵绳股份,10.01,10.17,10.0,74426.0,10.04,19.0,-0.16,-1.57,10.22
600993,马应龙,23.32,23.63,23.59,30706.0,23.34,40.0,-0.31,-1.31,23.65
600995,南网储能,13.15,13.14,13.1,193357.0,13.17,1106.0,0.01,0.08,13.27
600996,贵广网络,8.8,8.86,8.7,364384.0,8.83,302.0,-0.06,-0.68,9.02
600997,开滦股份,5.25,5.29,5.36,126053.0,5.28,353.0,-0.04,-0.76,5.43
600998,九州通,4.73,4.72,4.7,273931.0,4.76,780.0,0.01,0.21,4.76
600999,招商证券,17.24,17.2,17.13,672818.0,17.27,996.0,0.04,0.23,17.48
601000,唐山港,4.2,4.26,4.26,326836.0,4.23,1475.0,-0.06,-1.41,4.27
601001,晋控煤业,20.54,20.35,20.5,268650.0,20.56,1.0,0.19,0.93,21.16
601002,晋亿实业,4.81,4.87,4.81,102986.0,4.84,653.0,-0.06,-1.23,4.87
601003,柳钢股份,3.55,3.49,3.58,212959.0,3.58,2154.0,0.06,1.72,3.62
601005,重庆钢铁,1.23,1.24,1.23,421691.0,1.26,41255.0,-0.01,-0.81,1.24
601006,大秦铁路,5.03,5.09,5.09,936559.0,5.06,11589.0,-0.06,-1.18,5.1
601007,金陵饭店,6.55,6.71,6.67,61310.0,6.57,228.0,-0.16,-2.38,6.69
601008,连云港,4.37,4.34,4.32,67246.0,4.4,1046.0,0.03,0.69,4.43
601009,南京银行,11.68,11.65,11.65,548984.0,11.71,483.0,0.03,0.26,11.8
601011,宝泰隆,2.85,2.91,2.93,750644.0,2.88,1421.0,-0.06,-2.06,3.11
601012,隆基绿能,13.64,14.08,13.75,2419388.0,13.66,745.0,-0.44,-3.13,13.9
601015,陕西黑猫,3.42,3.39,3.4,468962.0,3.45,2158.0,0.03,0.88,3.57
601016,节能风电,3.99,3.97,3.92,1957312.0,4.02,15533.0,0.02,0.5,4.04
601018,宁波港,3.32,3.34,3.33,405116.0,3.34,11211.0,-0.02,-0.6,3.34
601019,山东出版,6.9,7.0,6.97,62764.0,6.92,283.0,-0.1,-1.43,7.01
601020,华钰矿业,20.54,20.77,20.67,277570.0,20.57,190.0,-0.23,-1.11,21.16
601021,春秋航空,44.0,45.15,44.19,78534.0,44.03,7.0,-1.15,-2.55,44.49
601022,宁波远洋,7.61,7.71,7.69,38407.0,7.64,241.0,-0.1,-1.3,7.73
601026,道生天合,14.6,15.18,15.02,36630.0,14.63,3.0,-0.58,-3.82,15.14
601033,永兴股份,13.59,13.9,13.9,29357.0,13.63,37.0,-0.31,-2.23,13.93
601038,一拖股份,11.48,11.59,11.59,46486.0,11.51,39.0,-0.11,-0.95,11.63
601058,赛轮轮胎,12.18,12.69,12.58,475861.0,12.21,894.0,-0.51,-4.02,12.66
601059,信达证券,14.77,15.39,15.33,123322.0,14.8,232.0,-0.62,-4.03,15.37
601061,中信金属,11.14,11.05,11.03,138090.0,11.16,1306.0,0.09,0.81,11.22
601065,江盐集团,7.25,7.4,7.37,40056.0,7.27,170.0,-0.15,-2.03,7.41
601066,中信建投,24.59,24.95,24.74,330601.0,24.62,2.0,-0.36,-1.44,25.37
601068,中铝国际,4.95,5.01,4.99,106815.0,4.97,345.0,-0.06,-1.2,5.03
601069,西部黄金,24.95,24.5,24.01,137255.0,24.97,3.0,0.45,1.84,25.18
601077,渝农商行,6.96,7.04,7.04,428039.0,6.99,1320.0,-0.08,-1.14,7.1
601083,锦江航运,10.7,10.75,10.73,52735.0,10.73,96.0,-0.05,-0.47,10.77
601086,国芳集团,7.0,7.26,7.2,103379.0,7.02,276.0,-0.26,-3.58,7.37
601088,中国神华,47.29,47.51,47.9,281183.0,47.35,49.0,-0.22,-0.46,48.33
601089,福元医药,16.4,16.58,16.5,23856.0,16.43,74.0,-0.18,-1.09,16.61
601096,宏盛华源,4.62,4.8,4.76,378499.0,4.65,1159.0,-0.18,-3.75,4.79
601098,中南传媒,10.72,11.15,11.1,131963.0,10.75,221.0,-0.43,-3.86,11.15
601099,太平洋,3.15,3.22,3.2,969263.0,3.18,7172.0,-0.07,-2.17,3.24
601100,恒立液压,122.51,119.3,117.3,132070.0,122.55,10.0,3.21,2.69,123.8
601101,XD昊华能,12.31,12.39,12.5,280732.0,12.34,91.0,-0.08,-0.65,12.76
601106,中国一重,3.42,3.46,3.43,493640.0,3.44,5344.0,-0.04,-1.16,3.47
601107,四川成渝,5.81,5.91,5.99,81493.0,5.85,169.0,-0.1,-1.69,5.99
601108,财通证券,7.33,7.5,7.5,373189.0,7.35,1257.0,-0.17,-2.27,7.59
601111,中国国航,5.96,6.16,6.0,1108843.0,5.98,3414.0,-0.2,-3.25,6.06
601112,振石股份,16.88,16.87,16.75,61887.0,16.91,52.0,0.01,0.06,17.0
601113,华鼎股份,3.93,3.94,3.94,89385.0,3.95,1085.0,-0.01,-0.25,4.03
601116,三江购物,10.95,11.24,11.11,89214.0,10.98,569.0,-0.29,-2.58,11.31
601117,中国化学,7.34,7.31,7.25,670641.0,7.37,3931.0,0.03,0.41,7.37
601118,海南橡胶,5.57,5.55,5.52,475607.0,5.59,5795.0,0.02,0.36,5.6
601121,宝地矿业,6.12,6.11,6.08,91587.0,6.15,376.0,0.01,0.16,6.16
601126,四方股份,67.07,68.34,68.75,184351.0,67.23,25.0,-1.27,-1.86,70.25
601127,赛力斯,67.71,68.88,68.01,302140.0,67.74,79.0,-1.17,-1.7,68.5
601128,常熟银行,6.43,6.47,6.47,361689.0,6.46,5764.0,-0.04,-0.62,6.48
601133,柏诚股份,30.89,29.22,28.3,333011.0,30.91,80.0,1.67,5.72,30.97
601136,首创证券,13.57,13.77,13.79,155395.0,13.6,11.0,-0.2,-1.45,14.25
601137,博威合金,24.71,22.46,23.1,211832.0,0.0,0.0,2.25,10.02,24.71
601138,工业富联,69.52,71.13,69.82,1484767.0,69.55,78.0,-1.61,-2.26,71.55
601139,深圳燃气,6.2,6.14,6.15,162727.0,6.22,1464.0,0.06,0.98,6.21
601155,新城控股,11.68,11.73,11.6,100098.0,11.71,119.0,-0.05,-0.43,11.83
601156,东航物流,16.46,16.32,16.25,123235.0,16.5,70.0,0.14,0.86,16.59
601158,重庆水务,4.16,4.18,4.18,54202.0,4.18,2446.0,-0.02,-0.48,4.18
601162,天风证券,3.06,3.12,3.1,932866.0,3.08,23948.0,-0.06,-1.92,3.13
601163,三角轮胎,13.03,13.23,13.18,34653.0,13.06,10.0,-0.2,-1.51,13.25
601166,兴业银行,18.79,18.89,18.91,1014089.0,18.82,2458.0,-0.1,-0.53,18.97
601168,西部矿业,29.54,29.7,29.25,324271.0,29.56,275.0,-0.16,-0.54,30.3
601169,北京银行,5.19,5.2,5.2,992599.0,5.21,38708.0,-0.01,-0.19,5.21
601177,杭齿前进,13.22,13.51,13.46,84348.0,13.24,140.0,-0.29,-2.15,13.46
601179,中国西电,13.46,13.64,13.5,894864.0,13.49,1069.0,-0.18,-1.32,13.69
601186,中国铁建,6.31,6.32,6.28,395889.0,6.34,6031.0,-0.01,-0.16,6.34
601187,厦门银行,7.81,7.68,7.66,277903.0,7.84,1355.0,0.13,1.69,7.88
601188,龙江交通,2.99,3.02,3.01,92812.0,3.02,1481.0,-0.03,-0.99,3.01
601198,东兴证券,12.31,12.7,12.63,188222.0,12.35,467.0,-0.39,-3.07,12.75
601199,江南水务,5.58,5.63,5.56,100838.0,5.6,745.0,-0.05,-0.89,5.58
601200,上海环境,7.21,7.35,7.32,86488.0,7.23,442.0,-0.14,-1.9,7.38
601208,东材科技,61.72,62.35,61.55,1114909.0,61.75,90.0,-0.63,-1.01,63.5
601211,国泰海通,17.22,17.05,17.05,1487564.0,17.24,853.0,0.17,1.0,17.3
601212,白银有色,5.56,5.54,5.48,1095350.0,5.58,3733.0,0.02,0.36,5.65
601216,君正集团,5.04,5.1,5.1,616391.0,5.07,3604.0,-0.06,-1.18,5.16
601218,吉鑫科技,4.75,4.78,4.74,175583.0,4.77,1232.0,-0.03,-0.63,4.83
601222,林洋能源,6.06,6.05,6.02,342989.0,6.09,620.0,0.01,0.17,6.15
601225,陕西煤业,26.93,26.63,26.77,609623.0,26.97,621.0,0.3,1.13,27.1
601226,华电科工,6.85,6.91,6.93,102373.0,6.87,132.0,-0.06,-0.87,6.93
601228,广州港,2.98,3.02,3.01,200879.0,3.0,11439.0,-0.04,-1.32,3.02
601229,上海银行,9.14,9.2,9.2,467373.0,9.17,1020.0,-0.06,-0.65,9.24
601231,环旭电子,35.17,36.72,36.01,601948.0,35.2,210.0,-1.55,-4.22,36.67
601233,桐昆股份,20.27,21.69,21.55,534986.0,20.3,154.0,-1.42,-6.55,21.77
601236,红塔证券,6.46,6.65,6.6,136218.0,6.48,315.0,-0.19,-2.86,6.68
601238,广汽集团,5.75,5.8,5.8,187734.0,5.77,1708.0,-0.05,-0.86,5.85
601279,英利汽车,3.37,3.4,3.37,97787.0,3.4,2038.0,-0.03,-0.88,3.44
601288,农业银行,6.68,6.71,6.74,3218889.0,6.71,17131.0,-0.03,-0.45,6.75
601298,青岛港,9.24,9.26,9.24,191093.0,9.27,35.0,-0.02,-0.22,9.48
601311,骆驼股份,7.88,8.09,8.01,128555.0,7.91,1520.0,-0.21,-2.6,8.08
601318,中国平安,52.64,53.22,53.22,647641.0,52.66,71.0,-0.58,-1.09,53.97
601319,中国人保,6.73,6.78,6.78,836116.0,6.76,1100.0,-0.05,-0.74,6.95
601326,秦港股份,3.4,3.37,3.37,267638.0,3.42,3390.0,0.03,0.89,3.44
601328,交通银行,6.97,6.94,6.94,1775957.0,6.99,66208.0,0.03,0.43,6.98
601330,绿色动力,8.15,8.27,8.21,181276.0,8.18,19.0,-0.12,-1.45,8.38
601333,广深铁路,3.03,3.05,3.05,437681.0,3.05,15686.0,-0.02,-0.66,3.06
601336,新华保险,59.22,58.03,58.21,344451.0,59.25,1041.0,1.19,2.05,60.49
601339,百隆东方,7.2,7.2,7.22,150356.0,7.22,1.0,0.0,0.0,7.4
601360,三六零,9.0,9.34,9.24,832043.0,9.02,1909.0,-0.34,-3.64,9.26
601366,利群股份,3.55,3.61,3.6,65063.0,3.57,526.0,-0.06,-1.66,3.63
601368,绿城水务,4.34,4.36,4.33,36605.0,4.37,142.0,-0.02,-0.46,4.38
601369,陕鼓动力,9.0,8.64,8.64,172008.0,9.02,313.0,0.36,4.17,9.08
601375,中原证券,3.74,3.87,3.85,492628.0,3.76,1104.0,-0.13,-3.36,3.9
601377,兴业证券,5.84,5.86,5.82,728315.0,5.87,3670.0,-0.02,-0.34,5.92
601388,怡球资源,3.15,3.15,3.13,323536.0,3.18,7362.0,0.0,0.0,3.18
601390,中国中铁,4.46,4.49,4.47,1400862.0,4.49,23910.0,-0.03,-0.67,4.5
601398,工商银行,7.66,7.69,7.71,2855259.0,7.68,12493.0,-0.03,-0.39,7.75
601399,国机重装,3.56,3.59,3.56,589820.0,3.58,6861.0,-0.03,-0.84,3.6
601456,国联民生,9.3,8.9,8.85,834913.0,9.32,1933.0,0.4,4.49,9.35
601500,通用股份,3.95,4.03,4.01,145276.0,3.98,1567.0,-0.08,-1.99,4.06
601512,中新集团,8.19,8.19,8.08,41176.0,8.22,318.0,0.0,0.0,8.25
601515,衢州东峰,3.67,3.74,3.68,142588.0,3.7,3868.0,-0.07,-1.87,3.72
601518,吉林高速,2.96,3.02,2.98,163535.0,2.98,1683.0,-0.06,-1.99,3.01
601519,大智慧,8.3,8.63,8.57,271294.0,8.33,413.0,-0.33,-3.82,8.65
601528,瑞丰银行,4.72,4.79,4.79,106634.0,4.75,844.0,-0.07,-1.46,4.8
601555,东吴证券,7.39,7.49,7.47,299463.0,7.42,2816.0,-0.1,-1.34,7.55
601566,九牧王,9.89,10.24,10.14,121130.0,9.92,106.0,-0.35,-3.42,10.19
601567,三星电气,13.96,14.4,14.22,231609.0,13.99,348.0,-0.44,-3.06,14.38
601568,北元化工,3.8,3.77,3.76,163900.0,3.82,3596.0,0.03,0.8,3.8
601577,长沙银行,9.6,9.72,9.71,167400.0,9.62,467.0,-0.12,-1.23,9.75
601579,会稽山,15.41,15.96,15.86,62798.0,15.44,113.0,-0.55,-3.45,15.86
601588,北辰实业,1.92,1.98,1.94,870577.0,1.94,1156.0,-0.06,-3.03,1.98
601595,上海电影,17.76,18.35,18.34,46104.0,17.79,19.0,-0.59,-3.22,18.34
601598,中国外运,5.72,5.84,5.78,104679.0,5.75,1233.0,-0.12,-2.05,5.87
601599,浙文影业,3.04,3.09,3.09,161316.0,3.07,2241.0,-0.05,-1.62,3.1
601600,中国铝业,10.33,10.1,10.0,2101339.0,10.36,3483.0,0.23,2.28,10.4
601601,中国太保,32.06,32.51,32.48,528101.0,32.09,825.0,-0.45,-1.38,33.25
601606,长城军工,31.51,33.35,32.65,167817.0,31.54,49.0,-1.84,-5.52,32.69
601607,上海医药,16.24,16.25,16.28,85322.0,16.26,226.0,-0.01,-0.06,16.35
601608,中信重工,5.15,5.27,5.2,359521.0,5.17,2294.0,-0.12,-2.28,5.32
601609,金田股份,11.41,11.74,11.6,467290.0,11.43,136.0,-0.33,-2.81,11.98
601611,中国核建,10.46,10.6,10.5,213140.0,10.49,862.0,-0.14,-1.32,10.61
601615,明阳智能,12.11,12.1,12.0,1136114.0,12.14,330.0,0.01,0.08,12.44
601616,广电电气,3.63,3.69,3.67,153371.0,3.66,917.0,-0.06,-1.63,3.71
601618,中国中冶,2.61,2.66,2.65,1044347.0,2.64,13147.0,-0.05,-1.88,2.67
601619,嘉泽新能,4.78,4.75,4.68,287399.0,4.81,1648.0,0.03,0.63,4.89
601628,中国人寿,34.33,34.63,34.55,448979.0,34.36,39.0,-0.3,-0.87,35.65
601633,长城汽车,17.52,17.13,17.0,406428.0,17.55,241.0,0.39,2.28,17.68
601636,旗滨集团,6.63,6.6,6.46,1122482.0,6.65,4849.0,0.03,0.45,6.8
601658,邮储银行,5.1,5.08,5.07,1551371.0,5.12,43754.0,0.02,0.39,5.1
601665,齐鲁银行,6.44,6.48,6.48,535211.0,6.46,418.0,-0.04,-0.62,6.52
601666,平煤股份,9.1,9.05,8.99,535029.0,9.13,270.0,0.05,0.55,9.3
601668,中国建筑,4.74,4.74,4.75,1600502.0,4.77,42347.0,0.0,0.0,4.78
601669,中国电建,4.75,4.86,4.81,1863639.0,4.78,13950.0,-0.11,-2.26,4.81
601677,明泰铝业,16.7,17.11,17.06,368255.0,16.72,222.0,-0.41,-2.4,17.33
601678,滨化股份,5.95,5.65,5.81,3013872.0,5.97,1455.0,0.3,5.31,6.0
601686,友发集团,4.98,4.97,4.96,64603.0,5.01,1315.0,0.01,0.2,5.01
601688,华泰证券,19.29,19.37,19.25,1221301.0,19.31,346.0,-0.08,-0.41,19.68
601689,拓普集团,61.38,63.21,62.11,366751.0,61.41,11.0,-1.83,-2.9,63.35
601696,中银证券,10.49,10.65,10.58,214948.0,10.52,780.0,-0.16,-1.5,10.69
601698,中国卫通,31.95,30.66,30.18,571642.0,31.98,1038.0,1.29,4.21,32.0
601699,潞安环能,17.83,17.95,17.93,388956.0,17.85,247.0,-0.12,-0.67,18.46
601700,风范股份,4.74,4.82,4.8,142582.0,4.76,514.0,-0.08,-1.66,4.83
601702,华峰铝业,16.82,17.65,17.48,132995.0,16.85,183.0,-0.83,-4.7,17.78
601717,中创智领,17.5,17.32,17.37,186097.0,17.53,123.0,0.18,1.04,17.81
601727,上海电气,7.09,7.21,7.14,1471538.0,7.12,2608.0,-0.12,-1.66,7.19
601728,中国电信,6.24,6.28,6.23,2249474.0,6.26,2899.0,-0.04,-0.64,6.33
601766,中国中车,5.71,5.65,5.63,1834835.0,5.74,27135.0,0.06,1.06,5.73
601777,千里科技,9.06,9.37,9.34,357121.0,9.09,158.0,-0.31,-3.31,9.39
601778,晶科科技,4.86,4.97,4.91,1295279.0,4.89,2319.0,-0.11,-2.21,4.95
601788,光大证券,13.94,13.79,13.79,432223.0,13.96,1130.0,0.15,1.09,14.16
601789,宁波建工,4.39,4.52,4.46,363181.0,4.42,2894.0,-0.13,-2.88,4.51
601798,蓝科高新,7.31,7.37,7.4,94159.0,7.34,368.0,-0.06,-0.81,7.56
601799,星宇股份,119.58,120.7,120.99,28728.0,119.79,8.0,-1.12,-0.93,124.48
601800,中国交建,6.28,6.2,6.16,413176.0,6.3,6067.0,0.08,1.29,6.29
601801,皖新传媒,5.33,5.54,5.52,192304.0,5.36,265.0,-0.21,-3.79,5.52
601808,XD中海油,12.24,12.08,12.22,165301.0,12.26,342.0,0.16,1.32,12.37
601811,新华文轩,12.61,12.91,12.86,31584.0,12.65,114.0,-0.3,-2.32,12.87
601816,京沪高铁,4.99,5.02,5.03,1661839.0,5.01,16323.0,-0.03,-0.6,5.05
601818,光大银行,3.17,3.18,3.17,2056997.0,3.19,165657.0,-0.01,-0.31,3.18
601825,沪农商行,8.8,8.93,8.96,146416.0,8.84,70.0,-0.13,-1.46,8.96
601827,三峰环境,7.45,7.62,7.57,55387.0,7.48,335.0,-0.17,-2.23,7.61
601828,美凯龙,2.28,2.33,2.32,260924.0,2.31,2938.0,-0.05,-2.15,2.34
601838,成都银行,19.76,19.8,19.84,279673.0,19.78,26.0,-0.04,-0.2,19.96
601857,中国石油,10.37,10.24,10.38,1855876.0,10.4,7848.0,0.13,1.27,10.45
601858,中国科传,20.89,21.91,21.9,68573.0,20.93,45.0,-1.02,-4.66,21.9
601860,紫金银行,2.65,2.67,2.67,355035.0,2.68,15503.0,-0.02,-0.75,2.68
601865,福莱特,10.85,10.95,10.81,223774.0,10.87,371.0,-0.1,-0.91,10.94
601866,中远海发,2.36,2.36,2.35,566520.0,2.38,19671.0,0.0,0.0,2.37
601868,中国能建,2.63,2.65,2.62,4264394.0,2.65,95807.0,-0.02,-0.75,2.65
601869,长飞光纤,442.51,452.69,443.68,116596.0,442.53,9.0,-10.18,-2.25,459.96
601872,招商轮船,14.42,14.62,14.8,1036508.0,14.44,168.0,-0.2,-1.37,14.85
601877,正泰电器,26.7,26.42,26.22,245526.0,26.72,29.0,0.28,1.06,27.0
601878,浙商证券,9.04,9.11,9.11,275852.0,9.06,1041.0,-0.07,-0.77,9.15
601880,辽港股份,1.5,1.52,1.51,1097865.0,1.52,72228.0,-0.02,-1.32,1.52
601881,中国银河,11.96,12.07,12.01,349140.0,11.99,1035.0,-0.11,-0.91,12.19
601882,海天精工,19.97,20.29,19.99,53007.0,20.0,39.0,-0.32,-1.58,20.29
601886,江河集团,8.61,8.72,8.7,59306.0,8.64,24.0,-0.11,-1.26,8.8
601888,中国中免,57.01,58.05,57.52,444899.0,57.04,66.0,-1.04,-1.79,58.67
601890,亚星锚链,8.39,8.59,8.53,154175.0,8.41,922.0,-0.2,-2.33,8.57
601898,中煤能源,16.31,15.84,16.06,409331.0,16.33,128.0,0.47,2.97,16.53
601899,紫金矿业,27.33,27.7,27.2,3231431.0,27.36,1226.0,-0.37,-1.34,27.69
601900,南方传媒,11.63,11.98,11.93,70861.0,11.66,123.0,-0.35,-2.92,11.96
601901,方正证券,6.49,6.53,6.48,478571.0,6.52,4936.0,-0.04,-0.61,6.56
601908,京运通,3.34,3.43,3.39,345810.0,3.36,2845.0,-0.09,-2.62,3.42
601916,浙商银行,3.08,3.11,3.1,1309111.0,3.1,41617.0,-0.03,-0.96,3.11
601918,新集能源,9.83,9.68,9.61,559221.0,9.86,435.0,0.15,1.55,9.95
601919,中远海控,14.23,14.41,14.46,1093635.0,14.26,444.0,-0.18,-1.25,14.56
601921,浙版传媒,7.58,7.56,7.54,243261.0,7.6,455.0,0.02,0.26,7.74
601928,凤凰传媒,9.11,9.31,9.31,94053.0,9.15,201.0,-0.2,-2.15,9.31
601929,吉视传媒,2.39,2.51,2.47,720840.0,2.42,5825.0,-0.12,-4.78,2.48
601933,永辉超市,3.16,3.23,3.21,801031.0,3.18,15814.0,-0.07,-2.17,3.27
601939,建设银行,10.6,10.49,10.5,1146335.0,10.62,2484.0,0.11,1.05,10.61
601949,中国出版,5.03,5.15,5.15,146273.0,5.06,762.0,-0.12,-2.33,5.18
601952,苏垦农发,8.59,8.51,8.5,76579.0,8.62,363.0,0.08,0.94,8.65
601956,东贝集团,4.96,4.97,4.96,53245.0,4.98,911.0,-0.01,-0.2,4.98
601958,金钼股份,23.2,21.09,21.4,471148.0,0.0,0.0,2.11,10.0,23.2
601963,重庆银行,11.78,12.23,12.22,207488.0,11.8,144.0,-0.45,-3.68,12.3
601965,中国汽研,13.85,14.68,14.67,158767.0,13.87,82.0,-0.83,-5.65,14.69
601966,玲珑轮胎,11.78,11.95,11.96,70166.0,11.81,252.0,-0.17,-1.42,12.0
601968,XD宝钢包,4.24,4.26,4.25,53341.0,4.26,497.0,-0.02,-0.47,4.3
601969,海南矿业,9.09,8.81,8.88,223389.0,9.11,343.0,0.28,3.18,9.15
601975,招商南油,3.94,4.0,4.05,1889892.0,3.96,2189.0,-0.06,-1.5,4.05
601985,中国核电,9.12,9.07,9.05,1092956.0,9.14,10462.0,0.05,0.55,9.13
601988,中国银行,6.2,6.22,6.22,2422278.0,6.22,29166.0,-0.02,-0.32,6.23
601990,南京证券,6.35,6.44,6.4,152271.0,6.37,991.0,-0.09,-1.4,6.46
601991,大唐发电,7.99,7.76,7.68,6327931.0,8.01,3317.0,0.23,2.96,8.15
601992,金隅集团,1.5,1.51,1.51,323872.0,1.53,26439.0,-0.01,-0.66,1.51
601995,中金公司,31.73,32.48,32.38,150755.0,31.76,378.0,-0.75,-2.31,32.7
601996,丰林集团,2.46,2.48,2.48,284788.0,2.48,3138.0,-0.02,-0.81,2.49
601997,贵阳银行,5.72,5.75,5.74,436056.0,5.74,1790.0,-0.03,-0.52,5.77
601998,中信银行,7.64,7.69,7.7,622243.0,7.67,1656.0,-0.05,-0.65,7.72
601999,出版传媒,5.71,5.88,5.88,65635.0,5.75,228.0,-0.17,-2.89,5.95
